{"info": {"split": "train", "license": "Creative Commons Attribution (CC BY 4.0)", "version": "1.0", "date": "2/14/2017"}, "questions": [{"split": "train", "question": "How many metal things are there?", "template_filename": "1_zero_hop", "template_index": 0, "question_index": 0, "image_filenames": ["CLEVR_train_001985.png", "CLEVR_train_002932.png", "CLEVR_train_001328.png", "CLEVR_train_002795.png", "CLEVR_train_003310.png"], "image_indices": [1985, 2932, 1328, 2795, 3310], "answers": [4, 2, 7, 5, 5], "program": [[{"type": "scene", "inputs": [], "_output": [0, 1, 2, 3, 4, 5, 6, 7, 8, 9], "value_inputs": []}, {"type": "filter_material", "inputs": [0], "_output": [5, 6, 8, 9], "value_inputs": ["metal"]}, {"type": "count", "inputs": [1], "_output": 4, "value_inputs": []}], [{"type": "scene", "inputs": [], "_output": [0, 1, 2, 3, 4, 5, 6, 7, 8], "value_inputs": []}, {"type": "filter_material", "inputs": [0], "_output": [3, 5], "value_inputs": ["metal"]}, {"type": "count", "inputs": [1], "_output": 2, "value_inputs": []}], [{"type": "scene", "inputs": [], "_output": [0, 1, 2, 3, 4, 5, 6, 7, 8], "value_inputs": []}, {"type": "filter_material", "inputs": [0], "_output": [1, 2, 3, 4, 6, 7, 8], "value_inputs": ["metal"]}, {"type": "count", "inputs": [1], "_output": 7, "value_inputs": []}], [{"type": "scene", "inputs": [], "_output": [0, 1, 2, 3, 4, 5, 6, 7, 8, 9], "value_inputs": []}, {"type": "filter_material", "inputs": [0], "_output": [0, 1, 2, 7, 8], "value_inputs": ["metal"]}, {"type": "count", "inputs": [1], "_output": 5, "value_inputs": []}], [{"type": "scene", "inputs": [], "_output": [0, 1, 2, 3, 4, 5, 6, 7, 8, 9], "value_inputs": []}, {"type": "filter_material", "inputs": [0], "_output": [1, 2, 5, 7, 9], "value_inputs": ["metal"]}, {"type": "count", "inputs": [1], "_output": 5, "value_inputs": []}]]}, {"split": "train", "question": "What number of large things are there?", "template_filename": "1_zero_hop", "template_index": 0, "question_index": 1, "image_filenames": ["CLEVR_train_002795.png", "CLEVR_train_000597.png", "CLEVR_train_001500.png", "CLEVR_train_001328.png", "CLEVR_train_002932.png"], "image_indices": [2795, 597, 1500, 1328, 2932], "answers": [5, 7, 2, 4, 3], "program": [[{"type": "scene", "inputs": [], "_output": [0, 1, 2, 3, 4, 5, 6, 7, 8, 9], "value_inputs": []}, {"type": "filter_size", "inputs": [0], "_output": [3, 4, 5, 7, 9], "value_inputs": ["large"]}, {"type": "count", "inputs": [1], "_output": 5, "value_inputs": []}], [{"type": "scene", "inputs": [], "_output": [0, 1, 2, 3, 4, 5, 6, 7], "value_inputs": []}, {"type": "filter_size", "inputs": [0], "_output": [0, 1, 2, 3, 4, 6, 7], "value_inputs": ["large"]}, {"type": "count", "inputs": [1], "_output": 7, "value_inputs": []}], [{"type": "scene", "inputs": [], "_output": [0, 1, 2, 3, 4, 5, 6, 7, 8], "value_inputs": []}, {"type": "filter_size", "inputs": [0], "_output": [0, 7], "value_inputs": ["large"]}, {"type": "count", "inputs": [1], "_output": 2, "value_inputs": []}], [{"type": "scene", "inputs": [], "_output": [0, 1, 2, 3, 4, 5, 6, 7, 8], "value_inputs": []}, {"type": "filter_size", "inputs": [0], "_output": [0, 4, 5, 7], "value_inputs": ["large"]}, {"type": "count", "inputs": [1], "_output": 4, "value_inputs": []}], [{"type": "scene", "inputs": [], "_output": [0, 1, 2, 3, 4, 5, 6, 7, 8], "value_inputs": []}, {"type": "filter_size", "inputs": [0], "_output": [1, 4, 8], "value_inputs": ["large"]}, {"type": "count", "inputs": [1], "_output": 3, "value_inputs": []}]]}, {"split": "train", "question": "How many rubber cylinders are there?", "template_filename": "1_zero_hop", "template_index": 0, "question_index": 2, "image_filenames": ["CLEVR_train_001328.png", "CLEVR_train_001985.png", "CLEVR_train_004151.png", "CLEVR_train_001500.png", "CLEVR_train_002932.png"], "image_indices": [1328, 1985, 4151, 1500, 2932], "answers": [2, 1, 1, 1, 3], "program": [[{"type": "scene", "inputs": [], "_output": [0, 1, 2, 3, 4, 5, 6, 7, 8], "value_inputs": []}, {"type": "filter_material", "inputs": [0], "_output": [0, 5], "value_inputs": ["rubber"]}, {"type": "filter_shape", "inputs": [1], "_output": [0, 5], "value_inputs": ["cylinder"]}, {"type": "count", "inputs": [2], "_output": 2, "value_inputs": []}], [{"type": "scene", "inputs": [], "_output": [0, 1, 2, 3, 4, 5, 6, 7, 8, 9], "value_inputs": []}, {"type": "filter_material", "inputs": [0], "_output": [0, 1, 2, 3, 4, 7], "value_inputs": ["rubber"]}, {"type": "filter_shape", "inputs": [1], "_output": [1], "value_inputs": ["cylinder"]}, {"type": "count", "inputs": [2], "_output": 1, "value_inputs": []}], [{"type": "scene", "inputs": [], "_output": [0, 1, 2], "value_inputs": []}, {"type": "filter_material", "inputs": [0], "_output": [1], "value_inputs": ["rubber"]}, {"type": "filter_shape", "inputs": [1], "_output": [1], "value_inputs": ["cylinder"]}, {"type": "count", "inputs": [2], "_output": 1, "value_inputs": []}], [{"type": "scene", "inputs": [], "_output": [0, 1, 2, 3, 4, 5, 6, 7, 8], "value_inputs": []}, {"type": "filter_material", "inputs": [0], "_output": [2, 6, 7, 8], "value_inputs": ["rubber"]}, {"type": "filter_shape", "inputs": [1], "_output": [8], "value_inputs": ["cylinder"]}, {"type": "count", "inputs": [2], "_output": 1, "value_inputs": []}], [{"type": "scene", "inputs": [], "_output": [0, 1, 2, 3, 4, 5, 6, 7, 8], "value_inputs": []}, {"type": "filter_material", "inputs": [0], "_output": [0, 1, 2, 4, 6, 7, 8], "value_inputs": ["rubber"]}, {"type": "filter_shape", "inputs": [1], "_output": [0, 6, 7], "value_inputs": ["cylinder"]}, {"type": "count", "inputs": [2], "_output": 3, "value_inputs": []}]]}, {"split": "train", "question": "What number of gray rubber cubes are there?", "template_filename": "1_zero_hop", "template_index": 0, "question_index": 3, "image_filenames": ["CLEVR_train_003310.png", "CLEVR_train_001985.png", "CLEVR_train_001500.png", "CLEVR_train_003550.png", "CLEVR_train_000597.png"], "image_indices": [3310, 1985, 1500, 3550, 597], "answers": [2, 1, 2, 1, 1], "program": [[{"type": "scene", "inputs": [], "_output": [0, 1, 2, 3, 4, 5, 6, 7, 8, 9], "value_inputs": []}, {"type": "filter_color", "inputs": [0], "_output": [3, 6], "value_inputs": ["gray"]}, {"type": "filter_material", "inputs": [1], "_output": [3, 6], "value_inputs": ["rubber"]}, {"type": "filter_shape", "inputs": [2], "_output": [3, 6], "value_inputs": ["cube"]}, {"type": "count", "inputs": [3], "_output": 2, "value_inputs": []}], [{"type": "scene", "inputs": [], "_output": [0, 1, 2, 3, 4, 5, 6, 7, 8, 9], "value_inputs": []}, {"type": "filter_color", "inputs": [0], "_output": [4, 5, 6], "value_inputs": ["gray"]}, {"type": "filter_material", "inputs": [1], "_output": [4], "value_inputs": ["rubber"]}, {"type": "filter_shape", "inputs": [2], "_output": [4], "value_inputs": ["cube"]}, {"type": "count", "inputs": [3], "_output": 1, "value_inputs": []}], [{"type": "scene", "inputs": [], "_output": [0, 1, 2, 3, 4, 5, 6, 7, 8], "value_inputs": []}, {"type": "filter_color", "inputs": [0], "_output": [2, 5, 6], "value_inputs": ["gray"]}, {"type": "filter_material", "inputs": [1], "_output": [2, 6], "value_inputs": ["rubber"]}, {"type": "filter_shape", "inputs": [2], "_output": [2, 6], "value_inputs": ["cube"]}, {"type": "count", "inputs": [3], "_output": 2, "value_inputs": []}], [{"type": "scene", "inputs": [], "_output": [0, 1, 2, 3, 4, 5, 6], "value_inputs": []}, {"type": "filter_color", "inputs": [0], "_output": [1], "value_inputs": ["gray"]}, {"type": "filter_material", "inputs": [1], "_output": [1], "value_inputs": ["rubber"]}, {"type": "filter_shape", "inputs": [2], "_output": [1], "value_inputs": ["cube"]}, {"type": "count", "inputs": [3], "_output": 1, "value_inputs": []}], [{"type": "scene", "inputs": [], "_output": [0, 1, 2, 3, 4, 5, 6, 7], "value_inputs": []}, {"type": "filter_color", "inputs": [0], "_output": [2, 7], "value_inputs": ["gray"]}, {"type": "filter_material", "inputs": [1], "_output": [7], "value_inputs": ["rubber"]}, {"type": "filter_shape", "inputs": [2], "_output": [7], "value_inputs": ["cube"]}, {"type": "count", "inputs": [3], "_output": 1, "value_inputs": []}]]}, {"split": "train", "question": "What number of small metal cubes are there?", "template_filename": "1_zero_hop", "template_index": 0, "question_index": 4, "image_filenames": ["CLEVR_train_003550.png", "CLEVR_train_004151.png", "CLEVR_train_001500.png", "CLEVR_train_002795.png", "CLEVR_train_001328.png"], "image_indices": [3550, 4151, 1500, 2795, 1328], "answers": [2, 1, 2, 1, 1], "program": [[{"type": "scene", "inputs": [], "_output": [0, 1, 2, 3, 4, 5, 6], "value_inputs": []}, {"type": "filter_size", "inputs": [0], "_output": [0, 1, 3, 4], "value_inputs": ["small"]}, {"type": "filter_material", "inputs": [1], "_output": [0, 3, 4], "value_inputs": ["metal"]}, {"type": "filter_shape", "inputs": [2], "_output": [0, 3], "value_inputs": ["cube"]}, {"type": "count", "inputs": [3], "_output": 2, "value_inputs": []}], [{"type": "scene", "inputs": [], "_output": [0, 1, 2], "value_inputs": []}, {"type": "filter_size", "inputs": [0], "_output": [0, 1], "value_inputs": ["small"]}, {"type": "filter_material", "inputs": [1], "_output": [0], "value_inputs": ["metal"]}, {"type": "filter_shape", "inputs": [2], "_output": [0], "value_inputs": ["cube"]}, {"type": "count", "inputs": [3], "_output": 1, "value_inputs": []}], [{"type": "scene", "inputs": [], "_output": [0, 1, 2, 3, 4, 5, 6, 7, 8], "value_inputs": []}, {"type": "filter_size", "inputs": [0], "_output": [1, 2, 3, 4, 5, 6, 8], "value_inputs": ["small"]}, {"type": "filter_material", "inputs": [1], "_output": [1, 3, 4, 5], "value_inputs": ["metal"]}, {"type": "filter_shape", "inputs": [2], "_output": [1, 5], "value_inputs": ["cube"]}, {"type": "count", "inputs": [3], "_output": 2, "value_inputs": []}], [{"type": "scene", "inputs": [], "_output": [0, 1, 2, 3, 4, 5, 6, 7, 8, 9], "value_inputs": []}, {"type": "filter_size", "inputs": [0], "_output": [0, 1, 2, 6, 8], "value_inputs": ["small"]}, {"type": "filter_material", "inputs": [1], "_output": [0, 1, 2, 8], "value_inputs": ["metal"]}, {"type": "filter_shape", "inputs": [2], "_output": [8], "value_inputs": ["cube"]}, {"type": "count", "inputs": [3], "_output": 1, "value_inputs": []}], [{"type": "scene", "inputs": [], "_output": [0, 1, 2, 3, 4, 5, 6, 7, 8], "value_inputs": []}, {"type": "filter_size", "inputs": [0], "_output": [1, 2, 3, 6, 8], "value_inputs": ["small"]}, {"type": "filter_material", "inputs": [1], "_output": [1, 2, 3, 6, 8], "value_inputs": ["metal"]}, {"type": "filter_shape", "inputs": [2], "_output": [1], "value_inputs": ["cube"]}, {"type": "count", "inputs": [3], "_output": 1, "value_inputs": []}]]}, {"split": "train", "question": "How many small things are there?", "template_filename": "1_zero_hop", "template_index": 0, "question_index": 5, "image_filenames": ["CLEVR_train_000751.png", "CLEVR_train_001487.png", "CLEVR_train_000363.png", "CLEVR_train_002061.png", "CLEVR_train_001294.png"], "image_indices": [751, 1487, 363, 2061, 1294], "answers": [6, 1, 2, 6, 4], "program": [[{"type": "scene", "inputs": [], "_output": [0, 1, 2, 3, 4, 5, 6, 7, 8, 9], "value_inputs": []}, {"type": "filter_size", "inputs": [0], "_output": [0, 3, 5, 6, 8, 9], "value_inputs": ["small"]}, {"type": "count", "inputs": [1], "_output": 6, "value_inputs": []}], [{"type": "scene", "inputs": [], "_output": [0, 1, 2, 3], "value_inputs": []}, {"type": "filter_size", "inputs": [0], "_output": [3], "value_inputs": ["small"]}, {"type": "count", "inputs": [1], "_output": 1, "value_inputs": []}], [{"type": "scene", "inputs": [], "_output": [0, 1, 2, 3, 4, 5, 6], "value_inputs": []}, {"type": "filter_size", "inputs": [0], "_output": [1, 2], "value_inputs": ["small"]}, {"type": "count", "inputs": [1], "_output": 2, "value_inputs": []}], [{"type": "scene", "inputs": [], "_output": [0, 1, 2, 3, 4, 5, 6, 7, 8, 9], "value_inputs": []}, {"type": "filter_size", "inputs": [0], "_output": [1, 2, 3, 7, 8, 9], "value_inputs": ["small"]}, {"type": "count", "inputs": [1], "_output": 6, "value_inputs": []}], [{"type": "scene", "inputs": [], "_output": [0, 1, 2, 3, 4], "value_inputs": []}, {"type": "filter_size", "inputs": [0], "_output": [0, 1, 2, 3], "value_inputs": ["small"]}, {"type": "count", "inputs": [1], "_output": 4, "value_inputs": []}]]}, {"split": "train", "question": "There is a yellow thing; what shape is it?", "template_filename": "1_zero_hop", "template_index": 2, "question_index": 6, "image_filenames": ["CLEVR_train_003248.png", "CLEVR_train_001150.png", "CLEVR_train_004904.png", "CLEVR_train_002376.png", "CLEVR_train_004764.png"], "image_indices": [3248, 1150, 4904, 2376, 4764], "answers": ["cylinder", "cylinder", "sphere", "sphere", "cylinder"], "program": [[{"type": "scene", "inputs": [], "_output": [0, 1, 2, 3, 4, 5, 6], "value_inputs": []}, {"type": "filter_color", "inputs": [0], "_output": [0], "value_inputs": ["yellow"]}, {"type": "unique", "inputs": [1], "_output": 0, "value_inputs": []}, {"type": "query_shape", "inputs": [2], "_output": "cylinder", "value_inputs": []}], [{"type": "scene", "inputs": [], "_output": [0, 1, 2, 3, 4, 5, 6, 7], "value_inputs": []}, {"type": "filter_color", "inputs": [0], "_output": [2], "value_inputs": ["yellow"]}, {"type": "unique", "inputs": [1], "_output": 2, "value_inputs": []}, {"type": "query_shape", "inputs": [2], "_output": "cylinder", "value_inputs": []}], [{"type": "scene", "inputs": [], "_output": [0, 1, 2, 3, 4, 5, 6, 7, 8, 9], "value_inputs": []}, {"type": "filter_color", "inputs": [0], "_output": [8], "value_inputs": ["yellow"]}, {"type": "unique", "inputs": [1], "_output": 8, "value_inputs": []}, {"type": "query_shape", "inputs": [2], "_output": "sphere", "value_inputs": []}], [{"type": "scene", "inputs": [], "_output": [0, 1, 2, 3, 4, 5, 6, 7, 8], "value_inputs": []}, {"type": "filter_color", "inputs": [0], "_output": [4], "value_inputs": ["yellow"]}, {"type": "unique", "inputs": [1], "_output": 4, "value_inputs": []}, {"type": "query_shape", "inputs": [2], "_output": "sphere", "value_inputs": []}], [{"type": "scene", "inputs": [], "_output": [0, 1, 2, 3, 4, 5, 6, 7, 8], "value_inputs": []}, {"type": "filter_color", "inputs": [0], "_output": [0], "value_inputs": ["yellow"]}, {"type": "unique", "inputs": [1], "_output": 0, "value_inputs": []}, {"type": "query_shape", "inputs": [2], "_output": "cylinder", "value_inputs": []}]]}, {"split": "train", "question": "What is the shape of the brown thing?", "template_filename": "1_zero_hop", "template_index": 2, "question_index": 7, "image_filenames": ["CLEVR_train_002127.png", "CLEVR_train_004704.png", "CLEVR_train_004487.png", "CLEVR_train_002136.png", "CLEVR_train_004764.png"], "image_indices": [2127, 4704, 4487, 2136, 4764], "answers": ["cube", "cube", "cylinder", "sphere", "sphere"], "program": [[{"type": "scene", "inputs": [], "_output": [0, 1, 2, 3], "value_inputs": []}, {"type": "filter_color", "inputs": [0], "_output": [0], "value_inputs": ["brown"]}, {"type": "unique", "inputs": [1], "_output": 0, "value_inputs": []}, {"type": "query_shape", "inputs": [2], "_output": "cube", "value_inputs": []}], [{"type": "scene", "inputs": [], "_output": [0, 1, 2, 3, 4, 5, 6, 7], "value_inputs": []}, {"type": "filter_color", "inputs": [0], "_output": [2], "value_inputs": ["brown"]}, {"type": "unique", "inputs": [1], "_output": 2, "value_inputs": []}, {"type": "query_shape", "inputs": [2], "_output": "cube", "value_inputs": []}], [{"type": "scene", "inputs": [], "_output": [0, 1, 2, 3, 4, 5, 6, 7, 8], "value_inputs": []}, {"type": "filter_color", "inputs": [0], "_output": [5], "value_inputs": ["brown"]}, {"type": "unique", "inputs": [1], "_output": 5, "value_inputs": []}, {"type": "query_shape", "inputs": [2], "_output": "cylinder", "value_inputs": []}], [{"type": "scene", "inputs": [], "_output": [0, 1, 2, 3, 4, 5, 6, 7, 8], "value_inputs": []}, {"type": "filter_color", "inputs": [0], "_output": [2], "value_inputs": ["brown"]}, {"type": "unique", "inputs": [1], "_output": 2, "value_inputs": []}, {"type": "query_shape", "inputs": [2], "_output": "sphere", "value_inputs": []}], [{"type": "scene", "inputs": [], "_output": [0, 1, 2, 3, 4, 5, 6, 7, 8], "value_inputs": []}, {"type": "filter_color", "inputs": [0], "_output": [6], "value_inputs": ["brown"]}, {"type": "unique", "inputs": [1], "_output": 6, "value_inputs": []}, {"type": "query_shape", "inputs": [2], "_output": "sphere", "value_inputs": []}]]}, {"split": "train", "question": "What is the shape of the purple thing?", "template_filename": "1_zero_hop", "template_index": 2, "question_index": 8, "image_filenames": ["CLEVR_train_003700.png", "CLEVR_train_003633.png", "CLEVR_train_004704.png", "CLEVR_train_000087.png", "CLEVR_train_004261.png"], "image_indices": [3700, 3633, 4704, 87, 4261], "answers": ["cylinder", "cube", "cube", "cylinder", "sphere"], "program": [[{"type": "scene", "inputs": [], "_output": [0, 1, 2, 3, 4, 5], "value_inputs": []}, {"type": "filter_color", "inputs": [0], "_output": [0], "value_inputs": ["purple"]}, {"type": "unique", "inputs": [1], "_output": 0, "value_inputs": []}, {"type": "query_shape", "inputs": [2], "_output": "cylinder", "value_inputs": []}], [{"type": "scene", "inputs": [], "_output": [0, 1, 2], "value_inputs": []}, {"type": "filter_color", "inputs": [0], "_output": [2], "value_inputs": ["purple"]}, {"type": "unique", "inputs": [1], "_output": 2, "value_inputs": []}, {"type": "query_shape", "inputs": [2], "_output": "cube", "value_inputs": []}], [{"type": "scene", "inputs": [], "_output": [0, 1, 2, 3, 4, 5, 6, 7], "value_inputs": []}, {"type": "filter_color", "inputs": [0], "_output": [1], "value_inputs": ["purple"]}, {"type": "unique", "inputs": [1], "_output": 1, "value_inputs": []}, {"type": "query_shape", "inputs": [2], "_output": "cube", "value_inputs": []}], [{"type": "scene", "inputs": [], "_output": [0, 1, 2, 3, 4, 5], "value_inputs": []}, {"type": "filter_color", "inputs": [0], "_output": [5], "value_inputs": ["purple"]}, {"type": "unique", "inputs": [1], "_output": 5, "value_inputs": []}, {"type": "query_shape", "inputs": [2], "_output": "cylinder", "value_inputs": []}], [{"type": "scene", "inputs": [], "_output": [0, 1, 2, 3, 4, 5, 6, 7, 8, 9], "value_inputs": []}, {"type": "filter_color", "inputs": [0], "_output": [3], "value_inputs": ["purple"]}, {"type": "unique", "inputs": [1], "_output": 3, "value_inputs": []}, {"type": "query_shape", "inputs": [2], "_output": "sphere", "value_inputs": []}]]}, {"split": "train", "question": "What is the shape of the small yellow thing?", "template_filename": "1_zero_hop", "template_index": 2, "question_index": 9, "image_filenames": ["CLEVR_train_003248.png", "CLEVR_train_004904.png", "CLEVR_train_002398.png", "CLEVR_train_004261.png", "CLEVR_train_002235.png"], "image_indices": [3248, 4904, 2398, 4261, 2235], "answers": ["cylinder", "sphere", "cylinder", "sphere", "sphere"], "program": [[{"type": "scene", "inputs": [], "_output": [0, 1, 2, 3, 4, 5, 6], "value_inputs": []}, {"type": "filter_size", "inputs": [0], "_output": [0, 4], "value_inputs": ["small"]}, {"type": "filter_color", "inputs": [1], "_output": [0], "value_inputs": ["yellow"]}, {"type": "unique", "inputs": [2], "_output": 0, "value_inputs": []}, {"type": "query_shape", "inputs": [3], "_output": "cylinder", "value_inputs": []}], [{"type": "scene", "inputs": [], "_output": [0, 1, 2, 3, 4, 5, 6, 7, 8, 9], "value_inputs": []}, {"type": "filter_size", "inputs": [0], "_output": [0, 1, 4, 5, 6, 8, 9], "value_inputs": ["small"]}, {"type": "filter_color", "inputs": [1], "_output": [8], "value_inputs": ["yellow"]}, {"type": "unique", "inputs": [2], "_output": 8, "value_inputs": []}, {"type": "query_shape", "inputs": [3], "_output": "sphere", "value_inputs": []}], [{"type": "scene", "inputs": [], "_output": [0, 1, 2, 3, 4, 5, 6, 7], "value_inputs": []}, {"type": "filter_size", "inputs": [0], "_output": [0, 5, 6], "value_inputs": ["small"]}, {"type": "filter_color", "inputs": [1], "_output": [5], "value_inputs": ["yellow"]}, {"type": "unique", "inputs": [2], "_output": 5, "value_inputs": []}, {"type": "query_shape", "inputs": [3], "_output": "cylinder", "value_inputs": []}], [{"type": "scene", "inputs": [], "_output": [0, 1, 2, 3, 4, 5, 6, 7, 8, 9], "value_inputs": []}, {"type": "filter_size", "inputs": [0], "_output": [1, 2, 3, 5, 6, 7, 8, 9], "value_inputs": ["small"]}, {"type": "filter_color", "inputs": [1], "_output": [8], "value_inputs": ["yellow"]}, {"type": "unique", "inputs": [2], "_output": 8, "value_inputs": []}, {"type": "query_shape", "inputs": [3], "_output": "sphere", "value_inputs": []}], [{"type": "scene", "inputs": [], "_output": [0, 1, 2, 3, 4, 5, 6, 7, 8, 9], "value_inputs": []}, {"type": "filter_size", "inputs": [0], "_output": [3, 5, 8], "value_inputs": ["small"]}, {"type": "filter_color", "inputs": [1], "_output": [3], "value_inputs": ["yellow"]}, {"type": "unique", "inputs": [2], "_output": 3, "value_inputs": []}, {"type": "query_shape", "inputs": [3], "_output": "sphere", "value_inputs": []}]]}, {"split": "train", "question": "What is the shape of the small purple thing?", "template_filename": "1_zero_hop", "template_index": 2, "question_index": 10, "image_filenames": ["CLEVR_train_004704.png", "CLEVR_train_004261.png", "CLEVR_train_000805.png", "CLEVR_train_002235.png", "CLEVR_train_004904.png"], "image_indices": [4704, 4261, 805, 2235, 4904], "answers": ["cube", "sphere", "cylinder", "cube", "sphere"], "program": [[{"type": "scene", "inputs": [], "_output": [0, 1, 2, 3, 4, 5, 6, 7], "value_inputs": []}, {"type": "filter_size", "inputs": [0], "_output": [1, 2, 3, 7], "value_inputs": ["small"]}, {"type": "filter_color", "inputs": [1], "_output": [1], "value_inputs": ["purple"]}, {"type": "unique", "inputs": [2], "_output": 1, "value_inputs": []}, {"type": "query_shape", "inputs": [3], "_output": "cube", "value_inputs": []}], [{"type": "scene", "inputs": [], "_output": [0, 1, 2, 3, 4, 5, 6, 7, 8, 9], "value_inputs": []}, {"type": "filter_size", "inputs": [0], "_output": [1, 2, 3, 5, 6, 7, 8, 9], "value_inputs": ["small"]}, {"type": "filter_color", "inputs": [1], "_output": [3], "value_inputs": ["purple"]}, {"type": "unique", "inputs": [2], "_output": 3, "value_inputs": []}, {"type": "query_shape", "inputs": [3], "_output": "sphere", "value_inputs": []}], [{"type": "scene", "inputs": [], "_output": [0, 1, 2, 3, 4, 5], "value_inputs": []}, {"type": "filter_size", "inputs": [0], "_output": [1, 3], "value_inputs": ["small"]}, {"type": "filter_color", "inputs": [1], "_output": [1], "value_inputs": ["purple"]}, {"type": "unique", "inputs": [2], "_output": 1, "value_inputs": []}, {"type": "query_shape", "inputs": [3], "_output": "cylinder", "value_inputs": []}], [{"type": "scene", "inputs": [], "_output": [0, 1, 2, 3, 4, 5, 6, 7, 8, 9], "value_inputs": []}, {"type": "filter_size", "inputs": [0], "_output": [3, 5, 8], "value_inputs": ["small"]}, {"type": "filter_color", "inputs": [1], "_output": [5], "value_inputs": ["purple"]}, {"type": "unique", "inputs": [2], "_output": 5, "value_inputs": []}, {"type": "query_shape", "inputs": [3], "_output": "cube", "value_inputs": []}], [{"type": "scene", "inputs": [], "_output": [0, 1, 2, 3, 4, 5, 6, 7, 8, 9], "value_inputs": []}, {"type": "filter_size", "inputs": [0], "_output": [0, 1, 4, 5, 6, 8, 9], "value_inputs": ["small"]}, {"type": "filter_color", "inputs": [1], "_output": [9], "value_inputs": ["purple"]}, {"type": "unique", "inputs": [2], "_output": 9, "value_inputs": []}, {"type": "query_shape", "inputs": [3], "_output": "sphere", "value_inputs": []}]]}, {"split": "train", "question": "What is the shape of the blue metal thing?", "template_filename": "1_zero_hop", "template_index": 2, "question_index": 11, "image_filenames": ["CLEVR_train_002038.png", "CLEVR_train_002958.png", "CLEVR_train_003625.png", "CLEVR_train_004249.png", "CLEVR_train_004960.png"], "image_indices": [2038, 2958, 3625, 4249, 4960], "answers": ["sphere", "cube", "sphere", "cube", "cylinder"], "program": [[{"type": "scene", "inputs": [], "_output": [0, 1, 2, 3, 4, 5, 6, 7], "value_inputs": []}, {"type": "filter_color", "inputs": [0], "_output": [3, 7], "value_inputs": ["blue"]}, {"type": "filter_material", "inputs": [1], "_output": [3], "value_inputs": ["metal"]}, {"type": "unique", "inputs": [2], "_output": 3, "value_inputs": []}, {"type": "query_shape", "inputs": [3], "_output": "sphere", "value_inputs": []}], [{"type": "scene", "inputs": [], "_output": [0, 1, 2], "value_inputs": []}, {"type": "filter_color", "inputs": [0], "_output": [1], "value_inputs": ["blue"]}, {"type": "filter_material", "inputs": [1], "_output": [1], "value_inputs": ["metal"]}, {"type": "unique", "inputs": [2], "_output": 1, "value_inputs": []}, {"type": "query_shape", "inputs": [3], "_output": "cube", "value_inputs": []}], [{"type": "scene", "inputs": [], "_output": [0, 1, 2, 3, 4], "value_inputs": []}, {"type": "filter_color", "inputs": [0], "_output": [2, 3, 4], "value_inputs": ["blue"]}, {"type": "filter_material", "inputs": [1], "_output": [4], "value_inputs": ["metal"]}, {"type": "unique", "inputs": [2], "_output": 4, "value_inputs": []}, {"type": "query_shape", "inputs": [3], "_output": "sphere", "value_inputs": []}], [{"type": "scene", "inputs": [], "_output": [0, 1, 2, 3, 4, 5, 6, 7, 8, 9], "value_inputs": []}, {"type": "filter_color", "inputs": [0], "_output": [3], "value_inputs": ["blue"]}, {"type": "filter_material", "inputs": [1], "_output": [3], "value_inputs": ["metal"]}, {"type": "unique", "inputs": [2], "_output": 3, "value_inputs": []}, {"type": "query_shape", "inputs": [3], "_output": "cube", "value_inputs": []}], [{"type": "scene", "inputs": [], "_output": [0, 1, 2, 3, 4, 5, 6], "value_inputs": []}, {"type": "filter_color", "inputs": [0], "_output": [1], "value_inputs": ["blue"]}, {"type": "filter_material", "inputs": [1], "_output": [1], "value_inputs": ["metal"]}, {"type": "unique", "inputs": [2], "_output": 1, "value_inputs": []}, {"type": "query_shape", "inputs": [3], "_output": "cylinder", "value_inputs": []}]]}, {"split": "train", "question": "What is the purple thing made of?", "template_filename": "1_zero_hop", "template_index": 3, "question_index": 12, "image_filenames": ["CLEVR_train_004569.png", "CLEVR_train_002472.png", "CLEVR_train_003391.png", "CLEVR_train_002239.png", "CLEVR_train_001380.png"], "image_indices": [4569, 2472, 3391, 2239, 1380], "answers": ["metal", "metal", "metal", "metal", "rubber"], "program": [[{"type": "scene", "inputs": [], "_output": [0, 1, 2, 3, 4, 5, 6, 7, 8, 9], "value_inputs": []}, {"type": "filter_color", "inputs": [0], "_output": [2], "value_inputs": ["purple"]}, {"type": "unique", "inputs": [1], "_output": 2, "value_inputs": []}, {"type": "query_material", "inputs": [2], "_output": "metal", "value_inputs": []}], [{"type": "scene", "inputs": [], "_output": [0, 1, 2, 3, 4, 5, 6, 7], "value_inputs": []}, {"type": "filter_color", "inputs": [0], "_output": [4], "value_inputs": ["purple"]}, {"type": "unique", "inputs": [1], "_output": 4, "value_inputs": []}, {"type": "query_material", "inputs": [2], "_output": "metal", "value_inputs": []}], [{"type": "scene", "inputs": [], "_output": [0, 1, 2, 3, 4, 5, 6, 7, 8], "value_inputs": []}, {"type": "filter_color", "inputs": [0], "_output": [4], "value_inputs": ["purple"]}, {"type": "unique", "inputs": [1], "_output": 4, "value_inputs": []}, {"type": "query_material", "inputs": [2], "_output": "metal", "value_inputs": []}], [{"type": "scene", "inputs": [], "_output": [0, 1, 2, 3, 4, 5, 6], "value_inputs": []}, {"type": "filter_color", "inputs": [0], "_output": [1], "value_inputs": ["purple"]}, {"type": "unique", "inputs": [1], "_output": 1, "value_inputs": []}, {"type": "query_material", "inputs": [2], "_output": "metal", "value_inputs": []}], [{"type": "scene", "inputs": [], "_output": [0, 1, 2], "value_inputs": []}, {"type": "filter_color", "inputs": [0], "_output": [2], "value_inputs": ["purple"]}, {"type": "unique", "inputs": [1], "_output": 2, "value_inputs": []}, {"type": "query_material", "inputs": [2], "_output": "rubber", "value_inputs": []}]]}, {"split": "train", "question": "What material is the gray thing?", "template_filename": "1_zero_hop", "template_index": 3, "question_index": 13, "image_filenames": ["CLEVR_train_003801.png", "CLEVR_train_003274.png", "CLEVR_train_001891.png", "CLEVR_train_003391.png", "CLEVR_train_003835.png"], "image_indices": [3801, 3274, 1891, 3391, 3835], "answers": ["rubber", "metal", "rubber", "rubber", "metal"], "program": [[{"type": "scene", "inputs": [], "_output": [0, 1, 2, 3, 4], "value_inputs": []}, {"type": "filter_color", "inputs": [0], "_output": [4], "value_inputs": ["gray"]}, {"type": "unique", "inputs": [1], "_output": 4, "value_inputs": []}, {"type": "query_material", "inputs": [2], "_output": "rubber", "value_inputs": []}], [{"type": "scene", "inputs": [], "_output": [0, 1, 2], "value_inputs": []}, {"type": "filter_color", "inputs": [0], "_output": [1], "value_inputs": ["gray"]}, {"type": "unique", "inputs": [1], "_output": 1, "value_inputs": []}, {"type": "query_material", "inputs": [2], "_output": "metal", "value_inputs": []}], [{"type": "scene", "inputs": [], "_output": [0, 1, 2, 3, 4, 5, 6, 7], "value_inputs": []}, {"type": "filter_color", "inputs": [0], "_output": [7], "value_inputs": ["gray"]}, {"type": "unique", "inputs": [1], "_output": 7, "value_inputs": []}, {"type": "query_material", "inputs": [2], "_output": "rubber", "value_inputs": []}], [{"type": "scene", "inputs": [], "_output": [0, 1, 2, 3, 4, 5, 6, 7, 8], "value_inputs": []}, {"type": "filter_color", "inputs": [0], "_output": [3], "value_inputs": ["gray"]}, {"type": "unique", "inputs": [1], "_output": 3, "value_inputs": []}, {"type": "query_material", "inputs": [2], "_output": "rubber", "value_inputs": []}], [{"type": "scene", "inputs": [], "_output": [0, 1, 2, 3, 4, 5, 6, 7, 8], "value_inputs": []}, {"type": "filter_color", "inputs": [0], "_output": [4], "value_inputs": ["gray"]}, {"type": "unique", "inputs": [1], "_output": 4, "value_inputs": []}, {"type": "query_material", "inputs": [2], "_output": "metal", "value_inputs": []}]]}, {"split": "train", "question": "What material is the purple cylinder?", "template_filename": "1_zero_hop", "template_index": 3, "question_index": 14, "image_filenames": ["CLEVR_train_001987.png", "CLEVR_train_003835.png", "CLEVR_train_001380.png", "CLEVR_train_001215.png", "CLEVR_train_004569.png"], "image_indices": [1987, 3835, 1380, 1215, 4569], "answers": ["rubber", "rubber", "rubber", "metal", "metal"], "program": [[{"type": "scene", "inputs": [], "_output": [0, 1, 2, 3, 4], "value_inputs": []}, {"type": "filter_color", "inputs": [0], "_output": [2], "value_inputs": ["purple"]}, {"type": "filter_shape", "inputs": [1], "_output": [2], "value_inputs": ["cylinder"]}, {"type": "unique", "inputs": [2], "_output": 2, "value_inputs": []}, {"type": "query_material", "inputs": [3], "_output": "rubber", "value_inputs": []}], [{"type": "scene", "inputs": [], "_output": [0, 1, 2, 3, 4, 5, 6, 7, 8], "value_inputs": []}, {"type": "filter_color", "inputs": [0], "_output": [1, 6, 7], "value_inputs": ["purple"]}, {"type": "filter_shape", "inputs": [1], "_output": [7], "value_inputs": ["cylinder"]}, {"type": "unique", "inputs": [2], "_output": 7, "value_inputs": []}, {"type": "query_material", "inputs": [3], "_output": "rubber", "value_inputs": []}], [{"type": "scene", "inputs": [], "_output": [0, 1, 2], "value_inputs": []}, {"type": "filter_color", "inputs": [0], "_output": [2], "value_inputs": ["purple"]}, {"type": "filter_shape", "inputs": [1], "_output": [2], "value_inputs": ["cylinder"]}, {"type": "unique", "inputs": [2], "_output": 2, "value_inputs": []}, {"type": "query_material", "inputs": [3], "_output": "rubber", "value_inputs": []}], [{"type": "scene", "inputs": [], "_output": [0, 1, 2, 3, 4, 5, 6, 7, 8, 9], "value_inputs": []}, {"type": "filter_color", "inputs": [0], "_output": [3, 6], "value_inputs": ["purple"]}, {"type": "filter_shape", "inputs": [1], "_output": [6], "value_inputs": ["cylinder"]}, {"type": "unique", "inputs": [2], "_output": 6, "value_inputs": []}, {"type": "query_material", "inputs": [3], "_output": "metal", "value_inputs": []}], [{"type": "scene", "inputs": [], "_output": [0, 1, 2, 3, 4, 5, 6, 7, 8, 9], "value_inputs": []}, {"type": "filter_color", "inputs": [0], "_output": [2], "value_inputs": ["purple"]}, {"type": "filter_shape", "inputs": [1], "_output": [2], "value_inputs": ["cylinder"]}, {"type": "unique", "inputs": [2], "_output": 2, "value_inputs": []}, {"type": "query_material", "inputs": [3], "_output": "metal", "value_inputs": []}]]}, {"split": "train", "question": "What is the gray cube made of?", "template_filename": "1_zero_hop", "template_index": 3, "question_index": 15, "image_filenames": ["CLEVR_train_000351.png", "CLEVR_train_001620.png", "CLEVR_train_002346.png", "CLEVR_train_001987.png", "CLEVR_train_003391.png"], "image_indices": [351, 1620, 2346, 1987, 3391], "answers": ["rubber", "rubber", "rubber", "metal", "rubber"], "program": [[{"type": "scene", "inputs": [], "_output": [0, 1, 2], "value_inputs": []}, {"type": "filter_color", "inputs": [0], "_output": [0], "value_inputs": ["gray"]}, {"type": "filter_shape", "inputs": [1], "_output": [0], "value_inputs": ["cube"]}, {"type": "unique", "inputs": [2], "_output": 0, "value_inputs": []}, {"type": "query_material", "inputs": [3], "_output": "rubber", "value_inputs": []}], [{"type": "scene", "inputs": [], "_output": [0, 1, 2, 3], "value_inputs": []}, {"type": "filter_color", "inputs": [0], "_output": [0], "value_inputs": ["gray"]}, {"type": "filter_shape", "inputs": [1], "_output": [0], "value_inputs": ["cube"]}, {"type": "unique", "inputs": [2], "_output": 0, "value_inputs": []}, {"type": "query_material", "inputs": [3], "_output": "rubber", "value_inputs": []}], [{"type": "scene", "inputs": [], "_output": [0, 1, 2, 3], "value_inputs": []}, {"type": "filter_color", "inputs": [0], "_output": [2], "value_inputs": ["gray"]}, {"type": "filter_shape", "inputs": [1], "_output": [2], "value_inputs": ["cube"]}, {"type": "unique", "inputs": [2], "_output": 2, "value_inputs": []}, {"type": "query_material", "inputs": [3], "_output": "rubber", "value_inputs": []}], [{"type": "scene", "inputs": [], "_output": [0, 1, 2, 3, 4], "value_inputs": []}, {"type": "filter_color", "inputs": [0], "_output": [0, 1], "value_inputs": ["gray"]}, {"type": "filter_shape", "inputs": [1], "_output": [0], "value_inputs": ["cube"]}, {"type": "unique", "inputs": [2], "_output": 0, "value_inputs": []}, {"type": "query_material", "inputs": [3], "_output": "metal", "value_inputs": []}], [{"type": "scene", "inputs": [], "_output": [0, 1, 2, 3, 4, 5, 6, 7, 8], "value_inputs": []}, {"type": "filter_color", "inputs": [0], "_output": [3], "value_inputs": ["gray"]}, {"type": "filter_shape", "inputs": [1], "_output": [3], "value_inputs": ["cube"]}, {"type": "unique", "inputs": [2], "_output": 3, "value_inputs": []}, {"type": "query_material", "inputs": [3], "_output": "rubber", "value_inputs": []}]]}, {"split": "train", "question": "What is the small blue cube made of?", "template_filename": "1_zero_hop", "template_index": 3, "question_index": 16, "image_filenames": ["CLEVR_train_001558.png", "CLEVR_train_004676.png", "CLEVR_train_001215.png", "CLEVR_train_004569.png", "CLEVR_train_002239.png"], "image_indices": [1558, 4676, 1215, 4569, 2239], "answers": ["metal", "rubber", "rubber", "metal", "metal"], "program": [[{"type": "scene", "inputs": [], "_output": [0, 1, 2, 3, 4, 5], "value_inputs": []}, {"type": "filter_size", "inputs": [0], "_output": [0, 2, 3, 5], "value_inputs": ["small"]}, {"type": "filter_color", "inputs": [1], "_output": [2], "value_inputs": ["blue"]}, {"type": "filter_shape", "inputs": [2], "_output": [2], "value_inputs": ["cube"]}, {"type": "unique", "inputs": [3], "_output": 2, "value_inputs": []}, {"type": "query_material", "inputs": [4], "_output": "metal", "value_inputs": []}], [{"type": "scene", "inputs": [], "_output": [0, 1, 2, 3, 4], "value_inputs": []}, {"type": "filter_size", "inputs": [0], "_output": [2, 3], "value_inputs": ["small"]}, {"type": "filter_color", "inputs": [1], "_output": [3], "value_inputs": ["blue"]}, {"type": "filter_shape", "inputs": [2], "_output": [3], "value_inputs": ["cube"]}, {"type": "unique", "inputs": [3], "_output": 3, "value_inputs": []}, {"type": "query_material", "inputs": [4], "_output": "rubber", "value_inputs": []}], [{"type": "scene", "inputs": [], "_output": [0, 1, 2, 3, 4, 5, 6, 7, 8, 9], "value_inputs": []}, {"type": "filter_size", "inputs": [0], "_output": [0, 1, 5, 6, 7, 8, 9], "value_inputs": ["small"]}, {"type": "filter_color", "inputs": [1], "_output": [9], "value_inputs": ["blue"]}, {"type": "filter_shape", "inputs": [2], "_output": [9], "value_inputs": ["cube"]}, {"type": "unique", "inputs": [3], "_output": 9, "value_inputs": []}, {"type": "query_material", "inputs": [4], "_output": "rubber", "value_inputs": []}], [{"type": "scene", "inputs": [], "_output": [0, 1, 2, 3, 4, 5, 6, 7, 8, 9], "value_inputs": []}, {"type": "filter_size", "inputs": [0], "_output": [1, 3, 6, 9], "value_inputs": ["small"]}, {"type": "filter_color", "inputs": [1], "_output": [6], "value_inputs": ["blue"]}, {"type": "filter_shape", "inputs": [2], "_output": [6], "value_inputs": ["cube"]}, {"type": "unique", "inputs": [3], "_output": 6, "value_inputs": []}, {"type": "query_material", "inputs": [4], "_output": "metal", "value_inputs": []}], [{"type": "scene", "inputs": [], "_output": [0, 1, 2, 3, 4, 5, 6], "value_inputs": []}, {"type": "filter_size", "inputs": [0], "_output": [0, 2, 3, 4, 5], "value_inputs": ["small"]}, {"type": "filter_color", "inputs": [1], "_output": [0, 4], "value_inputs": ["blue"]}, {"type": "filter_shape", "inputs": [2], "_output": [4], "value_inputs": ["cube"]}, {"type": "unique", "inputs": [3], "_output": 4, "value_inputs": []}, {"type": "query_material", "inputs": [4], "_output": "metal", "value_inputs": []}]]}, {"split": "train", "question": "What material is the small yellow thing?", "template_filename": "1_zero_hop", "template_index": 3, "question_index": 17, "image_filenames": ["CLEVR_train_001987.png", "CLEVR_train_001558.png", "CLEVR_train_003835.png", "CLEVR_train_000590.png", "CLEVR_train_002239.png"], "image_indices": [1987, 1558, 3835, 590, 2239], "answers": ["rubber", "metal", "rubber", "metal", "metal"], "program": [[{"type": "scene", "inputs": [], "_output": [0, 1, 2, 3, 4], "value_inputs": []}, {"type": "filter_size", "inputs": [0], "_output": [0, 1, 2, 3, 4], "value_inputs": ["small"]}, {"type": "filter_color", "inputs": [1], "_output": [4], "value_inputs": ["yellow"]}, {"type": "unique", "inputs": [2], "_output": 4, "value_inputs": []}, {"type": "query_material", "inputs": [3], "_output": "rubber", "value_inputs": []}], [{"type": "scene", "inputs": [], "_output": [0, 1, 2, 3, 4, 5], "value_inputs": []}, {"type": "filter_size", "inputs": [0], "_output": [0, 2, 3, 5], "value_inputs": ["small"]}, {"type": "filter_color", "inputs": [1], "_output": [3], "value_inputs": ["yellow"]}, {"type": "unique", "inputs": [2], "_output": 3, "value_inputs": []}, {"type": "query_material", "inputs": [3], "_output": "metal", "value_inputs": []}], [{"type": "scene", "inputs": [], "_output": [0, 1, 2, 3, 4, 5, 6, 7, 8], "value_inputs": []}, {"type": "filter_size", "inputs": [0], "_output": [0, 1, 2, 3, 4, 5, 8], "value_inputs": ["small"]}, {"type": "filter_color", "inputs": [1], "_output": [3], "value_inputs": ["yellow"]}, {"type": "unique", "inputs": [2], "_output": 3, "value_inputs": []}, {"type": "query_material", "inputs": [3], "_output": "rubber", "value_inputs": []}], [{"type": "scene", "inputs": [], "_output": [0, 1, 2, 3, 4], "value_inputs": []}, {"type": "filter_size", "inputs": [0], "_output": [3, 4], "value_inputs": ["small"]}, {"type": "filter_color", "inputs": [1], "_output": [4], "value_inputs": ["yellow"]}, {"type": "unique", "inputs": [2], "_output": 4, "value_inputs": []}, {"type": "query_material", "inputs": [3], "_output": "metal", "value_inputs": []}], [{"type": "scene", "inputs": [], "_output": [0, 1, 2, 3, 4, 5, 6], "value_inputs": []}, {"type": "filter_size", "inputs": [0], "_output": [0, 2, 3, 4, 5], "value_inputs": ["small"]}, {"type": "filter_color", "inputs": [1], "_output": [3], "value_inputs": ["yellow"]}, {"type": "unique", "inputs": [2], "_output": 3, "value_inputs": []}, {"type": "query_material", "inputs": [3], "_output": "metal", "value_inputs": []}]]}, {"split": "train", "question": "The cube is what color?", "template_filename": "1_zero_hop", "template_index": 4, "question_index": 18, "image_filenames": ["CLEVR_train_002566.png", "CLEVR_train_002848.png", "CLEVR_train_003141.png", "CLEVR_train_002858.png", "CLEVR_train_000027.png"], "image_indices": [2566, 2848, 3141, 2858, 27], "answers": ["purple", "red", "gray", "red", "red"], "program": [[{"type": "scene", "inputs": [], "_output": [0, 1, 2, 3, 4], "value_inputs": []}, {"type": "filter_shape", "inputs": [0], "_output": [3], "value_inputs": ["cube"]}, {"type": "unique", "inputs": [1], "_output": 3, "value_inputs": []}, {"type": "query_color", "inputs": [2], "_output": "purple", "value_inputs": []}], [{"type": "scene", "inputs": [], "_output": [0, 1, 2, 3, 4, 5], "value_inputs": []}, {"type": "filter_shape", "inputs": [0], "_output": [3], "value_inputs": ["cube"]}, {"type": "unique", "inputs": [1], "_output": 3, "value_inputs": []}, {"type": "query_color", "inputs": [2], "_output": "red", "value_inputs": []}], [{"type": "scene", "inputs": [], "_output": [0, 1, 2, 3, 4, 5], "value_inputs": []}, {"type": "filter_shape", "inputs": [0], "_output": [0], "value_inputs": ["cube"]}, {"type": "unique", "inputs": [1], "_output": 0, "value_inputs": []}, {"type": "query_color", "inputs": [2], "_output": "gray", "value_inputs": []}], [{"type": "scene", "inputs": [], "_output": [0, 1, 2], "value_inputs": []}, {"type": "filter_shape", "inputs": [0], "_output": [2], "value_inputs": ["cube"]}, {"type": "unique", "inputs": [1], "_output": 2, "value_inputs": []}, {"type": "query_color", "inputs": [2], "_output": "red", "value_inputs": []}], [{"type": "scene", "inputs": [], "_output": [0, 1, 2, 3, 4, 5, 6, 7, 8], "value_inputs": []}, {"type": "filter_shape", "inputs": [0], "_output": [7], "value_inputs": ["cube"]}, {"type": "unique", "inputs": [1], "_output": 7, "value_inputs": []}, {"type": "query_color", "inputs": [2], "_output": "red", "value_inputs": []}]]}, {"split": "train", "question": "What color is the metal sphere?", "template_filename": "1_zero_hop", "template_index": 4, "question_index": 19, "image_filenames": ["CLEVR_train_003141.png", "CLEVR_train_003641.png", "CLEVR_train_002267.png", "CLEVR_train_002848.png", "CLEVR_train_002939.png"], "image_indices": [3141, 3641, 2267, 2848, 2939], "answers": ["yellow", "red", "gray", "brown", "cyan"], "program": [[{"type": "scene", "inputs": [], "_output": [0, 1, 2, 3, 4, 5], "value_inputs": []}, {"type": "filter_material", "inputs": [0], "_output": [0, 1, 4, 5], "value_inputs": ["metal"]}, {"type": "filter_shape", "inputs": [1], "_output": [1], "value_inputs": ["sphere"]}, {"type": "unique", "inputs": [2], "_output": 1, "value_inputs": []}, {"type": "query_color", "inputs": [3], "_output": "yellow", "value_inputs": []}], [{"type": "scene", "inputs": [], "_output": [0, 1, 2], "value_inputs": []}, {"type": "filter_material", "inputs": [0], "_output": [0, 2], "value_inputs": ["metal"]}, {"type": "filter_shape", "inputs": [1], "_output": [0], "value_inputs": ["sphere"]}, {"type": "unique", "inputs": [2], "_output": 0, "value_inputs": []}, {"type": "query_color", "inputs": [3], "_output": "red", "value_inputs": []}], [{"type": "scene", "inputs": [], "_output": [0, 1, 2, 3, 4], "value_inputs": []}, {"type": "filter_material", "inputs": [0], "_output": [2, 3, 4], "value_inputs": ["metal"]}, {"type": "filter_shape", "inputs": [1], "_output": [3], "value_inputs": ["sphere"]}, {"type": "unique", "inputs": [2], "_output": 3, "value_inputs": []}, {"type": "query_color", "inputs": [3], "_output": "gray", "value_inputs": []}], [{"type": "scene", "inputs": [], "_output": [0, 1, 2, 3, 4, 5], "value_inputs": []}, {"type": "filter_material", "inputs": [0], "_output": [0, 3], "value_inputs": ["metal"]}, {"type": "filter_shape", "inputs": [1], "_output": [0], "value_inputs": ["sphere"]}, {"type": "unique", "inputs": [2], "_output": 0, "value_inputs": []}, {"type": "query_color", "inputs": [3], "_output": "brown", "value_inputs": []}], [{"type": "scene", "inputs": [], "_output": [0, 1, 2, 3, 4, 5, 6, 7, 8, 9], "value_inputs": []}, {"type": "filter_material", "inputs": [0], "_output": [4, 6, 7, 8, 9], "value_inputs": ["metal"]}, {"type": "filter_shape", "inputs": [1], "_output": [6], "value_inputs": ["sphere"]}, {"type": "unique", "inputs": [2], "_output": 6, "value_inputs": []}, {"type": "query_color", "inputs": [3], "_output": "cyan", "value_inputs": []}]]}, {"split": "train", "question": "What is the color of the rubber cube?", "template_filename": "1_zero_hop", "template_index": 4, "question_index": 20, "image_filenames": ["CLEVR_train_003652.png", "CLEVR_train_002566.png", "CLEVR_train_002267.png", "CLEVR_train_000877.png", "CLEVR_train_004822.png"], "image_indices": [3652, 2566, 2267, 877, 4822], "answers": ["cyan", "purple", "green", "blue", "blue"], "program": [[{"type": "scene", "inputs": [], "_output": [0, 1, 2], "value_inputs": []}, {"type": "filter_material", "inputs": [0], "_output": [0], "value_inputs": ["rubber"]}, {"type": "filter_shape", "inputs": [1], "_output": [0], "value_inputs": ["cube"]}, {"type": "unique", "inputs": [2], "_output": 0, "value_inputs": []}, {"type": "query_color", "inputs": [3], "_output": "cyan", "value_inputs": []}], [{"type": "scene", "inputs": [], "_output": [0, 1, 2, 3, 4], "value_inputs": []}, {"type": "filter_material", "inputs": [0], "_output": [1, 2, 3, 4], "value_inputs": ["rubber"]}, {"type": "filter_shape", "inputs": [1], "_output": [3], "value_inputs": ["cube"]}, {"type": "unique", "inputs": [2], "_output": 3, "value_inputs": []}, {"type": "query_color", "inputs": [3], "_output": "purple", "value_inputs": []}], [{"type": "scene", "inputs": [], "_output": [0, 1, 2, 3, 4], "value_inputs": []}, {"type": "filter_material", "inputs": [0], "_output": [0, 1], "value_inputs": ["rubber"]}, {"type": "filter_shape", "inputs": [1], "_output": [0], "value_inputs": ["cube"]}, {"type": "unique", "inputs": [2], "_output": 0, "value_inputs": []}, {"type": "query_color", "inputs": [3], "_output": "green", "value_inputs": []}], [{"type": "scene", "inputs": [], "_output": [0, 1, 2], "value_inputs": []}, {"type": "filter_material", "inputs": [0], "_output": [1, 2], "value_inputs": ["rubber"]}, {"type": "filter_shape", "inputs": [1], "_output": [2], "value_inputs": ["cube"]}, {"type": "unique", "inputs": [2], "_output": 2, "value_inputs": []}, {"type": "query_color", "inputs": [3], "_output": "blue", "value_inputs": []}], [{"type": "scene", "inputs": [], "_output": [0, 1, 2, 3, 4, 5, 6], "value_inputs": []}, {"type": "filter_material", "inputs": [0], "_output": [0, 2], "value_inputs": ["rubber"]}, {"type": "filter_shape", "inputs": [1], "_output": [0], "value_inputs": ["cube"]}, {"type": "unique", "inputs": [2], "_output": 0, "value_inputs": []}, {"type": "query_color", "inputs": [3], "_output": "blue", "value_inputs": []}]]}, {"split": "train", "question": "The large cube is what color?", "template_filename": "1_zero_hop", "template_index": 4, "question_index": 21, "image_filenames": ["CLEVR_train_002422.png", "CLEVR_train_003686.png", "CLEVR_train_000239.png", "CLEVR_train_003141.png", "CLEVR_train_004251.png"], "image_indices": [2422, 3686, 239, 3141, 4251], "answers": ["brown", "purple", "blue", "gray", "green"], "program": [[{"type": "scene", "inputs": [], "_output": [0, 1, 2], "value_inputs": []}, {"type": "filter_size", "inputs": [0], "_output": [1, 2], "value_inputs": ["large"]}, {"type": "filter_shape", "inputs": [1], "_output": [2], "value_inputs": ["cube"]}, {"type": "unique", "inputs": [2], "_output": 2, "value_inputs": []}, {"type": "query_color", "inputs": [3], "_output": "brown", "value_inputs": []}], [{"type": "scene", "inputs": [], "_output": [0, 1, 2, 3, 4, 5, 6, 7, 8], "value_inputs": []}, {"type": "filter_size", "inputs": [0], "_output": [1, 3, 4, 8], "value_inputs": ["large"]}, {"type": "filter_shape", "inputs": [1], "_output": [1], "value_inputs": ["cube"]}, {"type": "unique", "inputs": [2], "_output": 1, "value_inputs": []}, {"type": "query_color", "inputs": [3], "_output": "purple", "value_inputs": []}], [{"type": "scene", "inputs": [], "_output": [0, 1, 2], "value_inputs": []}, {"type": "filter_size", "inputs": [0], "_output": [0, 1, 2], "value_inputs": ["large"]}, {"type": "filter_shape", "inputs": [1], "_output": [2], "value_inputs": ["cube"]}, {"type": "unique", "inputs": [2], "_output": 2, "value_inputs": []}, {"type": "query_color", "inputs": [3], "_output": "blue", "value_inputs": []}], [{"type": "scene", "inputs": [], "_output": [0, 1, 2, 3, 4, 5], "value_inputs": []}, {"type": "filter_size", "inputs": [0], "_output": [0, 1, 2, 4], "value_inputs": ["large"]}, {"type": "filter_shape", "inputs": [1], "_output": [0], "value_inputs": ["cube"]}, {"type": "unique", "inputs": [2], "_output": 0, "value_inputs": []}, {"type": "query_color", "inputs": [3], "_output": "gray", "value_inputs": []}], [{"type": "scene", "inputs": [], "_output": [0, 1, 2, 3], "value_inputs": []}, {"type": "filter_size", "inputs": [0], "_output": [0], "value_inputs": ["large"]}, {"type": "filter_shape", "inputs": [1], "_output": [0], "value_inputs": ["cube"]}, {"type": "unique", "inputs": [2], "_output": 0, "value_inputs": []}, {"type": "query_color", "inputs": [3], "_output": "green", "value_inputs": []}]]}, {"split": "train", "question": "The rubber cube is what color?", "template_filename": "1_zero_hop", "template_index": 4, "question_index": 22, "image_filenames": ["CLEVR_train_002858.png", "CLEVR_train_001917.png", "CLEVR_train_004649.png", "CLEVR_train_002711.png", "CLEVR_train_003129.png"], "image_indices": [2858, 1917, 4649, 2711, 3129], "answers": ["red", "cyan", "green", "yellow", "cyan"], "program": [[{"type": "scene", "inputs": [], "_output": [0, 1, 2], "value_inputs": []}, {"type": "filter_material", "inputs": [0], "_output": [0, 2], "value_inputs": ["rubber"]}, {"type": "filter_shape", "inputs": [1], "_output": [2], "value_inputs": ["cube"]}, {"type": "unique", "inputs": [2], "_output": 2, "value_inputs": []}, {"type": "query_color", "inputs": [3], "_output": "red", "value_inputs": []}], [{"type": "scene", "inputs": [], "_output": [0, 1, 2, 3, 4, 5, 6, 7, 8], "value_inputs": []}, {"type": "filter_material", "inputs": [0], "_output": [4, 6, 7, 8], "value_inputs": ["rubber"]}, {"type": "filter_shape", "inputs": [1], "_output": [4], "value_inputs": ["cube"]}, {"type": "unique", "inputs": [2], "_output": 4, "value_inputs": []}, {"type": "query_color", "inputs": [3], "_output": "cyan", "value_inputs": []}], [{"type": "scene", "inputs": [], "_output": [0, 1, 2, 3, 4, 5], "value_inputs": []}, {"type": "filter_material", "inputs": [0], "_output": [0, 4], "value_inputs": ["rubber"]}, {"type": "filter_shape", "inputs": [1], "_output": [0], "value_inputs": ["cube"]}, {"type": "unique", "inputs": [2], "_output": 0, "value_inputs": []}, {"type": "query_color", "inputs": [3], "_output": "green", "value_inputs": []}], [{"type": "scene", "inputs": [], "_output": [0, 1, 2, 3, 4, 5, 6, 7, 8, 9], "value_inputs": []}, {"type": "filter_material", "inputs": [0], "_output": [0, 1, 2, 3, 6], "value_inputs": ["rubber"]}, {"type": "filter_shape", "inputs": [1], "_output": [0], "value_inputs": ["cube"]}, {"type": "unique", "inputs": [2], "_output": 0, "value_inputs": []}, {"type": "query_color", "inputs": [3], "_output": "yellow", "value_inputs": []}], [{"type": "scene", "inputs": [], "_output": [0, 1, 2, 3, 4, 5, 6, 7, 8], "value_inputs": []}, {"type": "filter_material", "inputs": [0], "_output": [3, 8], "value_inputs": ["rubber"]}, {"type": "filter_shape", "inputs": [1], "_output": [8], "value_inputs": ["cube"]}, {"type": "unique", "inputs": [2], "_output": 8, "value_inputs": []}, {"type": "query_color", "inputs": [3], "_output": "cyan", "value_inputs": []}]]}, {"split": "train", "question": "The large metal thing has what color?", "template_filename": "1_zero_hop", "template_index": 4, "question_index": 23, "image_filenames": ["CLEVR_train_004913.png", "CLEVR_train_002858.png", "CLEVR_train_002566.png", "CLEVR_train_004741.png", "CLEVR_train_000239.png"], "image_indices": [4913, 2858, 2566, 4741, 239], "answers": ["purple", "yellow", "gray", "green", "blue"], "program": [[{"type": "scene", "inputs": [], "_output": [0, 1, 2, 3], "value_inputs": []}, {"type": "filter_size", "inputs": [0], "_output": [0, 3], "value_inputs": ["large"]}, {"type": "filter_material", "inputs": [1], "_output": [0], "value_inputs": ["metal"]}, {"type": "unique", "inputs": [2], "_output": 0, "value_inputs": []}, {"type": "query_color", "inputs": [3], "_output": "purple", "value_inputs": []}], [{"type": "scene", "inputs": [], "_output": [0, 1, 2], "value_inputs": []}, {"type": "filter_size", "inputs": [0], "_output": [0, 1], "value_inputs": ["large"]}, {"type": "filter_material", "inputs": [1], "_output": [1], "value_inputs": ["metal"]}, {"type": "unique", "inputs": [2], "_output": 1, "value_inputs": []}, {"type": "query_color", "inputs": [3], "_output": "yellow", "value_inputs": []}], [{"type": "scene", "inputs": [], "_output": [0, 1, 2, 3, 4], "value_inputs": []}, {"type": "filter_size", "inputs": [0], "_output": [0, 1, 2, 3], "value_inputs": ["large"]}, {"type": "filter_material", "inputs": [1], "_output": [0], "value_inputs": ["metal"]}, {"type": "unique", "inputs": [2], "_output": 0, "value_inputs": []}, {"type": "query_color", "inputs": [3], "_output": "gray", "value_inputs": []}], [{"type": "scene", "inputs": [], "_output": [0, 1, 2], "value_inputs": []}, {"type": "filter_size", "inputs": [0], "_output": [0], "value_inputs": ["large"]}, {"type": "filter_material", "inputs": [1], "_output": [0], "value_inputs": ["metal"]}, {"type": "unique", "inputs": [2], "_output": 0, "value_inputs": []}, {"type": "query_color", "inputs": [3], "_output": "green", "value_inputs": []}], [{"type": "scene", "inputs": [], "_output": [0, 1, 2], "value_inputs": []}, {"type": "filter_size", "inputs": [0], "_output": [0, 1, 2], "value_inputs": ["large"]}, {"type": "filter_material", "inputs": [1], "_output": [1], "value_inputs": ["metal"]}, {"type": "unique", "inputs": [2], "_output": 1, "value_inputs": []}, {"type": "query_color", "inputs": [3], "_output": "blue", "value_inputs": []}]]}, {"split": "train", "question": "What is the size of the gray thing?", "template_filename": "1_zero_hop", "template_index": 5, "question_index": 24, "image_filenames": ["CLEVR_train_002288.png", "CLEVR_train_004649.png", "CLEVR_train_001637.png", "CLEVR_train_003321.png", "CLEVR_train_003611.png"], "image_indices": [2288, 4649, 1637, 3321, 3611], "answers": ["large", "large", "small", "small", "small"], "program": [[{"type": "scene", "inputs": [], "_output": [0, 1, 2, 3, 4], "value_inputs": []}, {"type": "filter_color", "inputs": [0], "_output": [4], "value_inputs": ["gray"]}, {"type": "unique", "inputs": [1], "_output": 4, "value_inputs": []}, {"type": "query_size", "inputs": [2], "_output": "large", "value_inputs": []}], [{"type": "scene", "inputs": [], "_output": [0, 1, 2, 3, 4, 5], "value_inputs": []}, {"type": "filter_color", "inputs": [0], "_output": [4], "value_inputs": ["gray"]}, {"type": "unique", "inputs": [1], "_output": 4, "value_inputs": []}, {"type": "query_size", "inputs": [2], "_output": "large", "value_inputs": []}], [{"type": "scene", "inputs": [], "_output": [0, 1, 2, 3, 4, 5, 6, 7, 8], "value_inputs": []}, {"type": "filter_color", "inputs": [0], "_output": [3], "value_inputs": ["gray"]}, {"type": "unique", "inputs": [1], "_output": 3, "value_inputs": []}, {"type": "query_size", "inputs": [2], "_output": "small", "value_inputs": []}], [{"type": "scene", "inputs": [], "_output": [0, 1, 2, 3, 4], "value_inputs": []}, {"type": "filter_color", "inputs": [0], "_output": [4], "value_inputs": ["gray"]}, {"type": "unique", "inputs": [1], "_output": 4, "value_inputs": []}, {"type": "query_size", "inputs": [2], "_output": "small", "value_inputs": []}], [{"type": "scene", "inputs": [], "_output": [0, 1, 2, 3, 4, 5, 6, 7], "value_inputs": []}, {"type": "filter_color", "inputs": [0], "_output": [3], "value_inputs": ["gray"]}, {"type": "unique", "inputs": [1], "_output": 3, "value_inputs": []}, {"type": "query_size", "inputs": [2], "_output": "small", "value_inputs": []}]]}, {"split": "train", "question": "What is the size of the gray sphere?", "template_filename": "1_zero_hop", "template_index": 5, "question_index": 25, "image_filenames": ["CLEVR_train_001637.png", "CLEVR_train_003486.png", "CLEVR_train_003121.png", "CLEVR_train_004649.png", "CLEVR_train_000911.png"], "image_indices": [1637, 3486, 3121, 4649, 911], "answers": ["small", "small", "large", "large", "small"], "program": [[{"type": "scene", "inputs": [], "_output": [0, 1, 2, 3, 4, 5, 6, 7, 8], "value_inputs": []}, {"type": "filter_color", "inputs": [0], "_output": [3], "value_inputs": ["gray"]}, {"type": "filter_shape", "inputs": [1], "_output": [3], "value_inputs": ["sphere"]}, {"type": "unique", "inputs": [2], "_output": 3, "value_inputs": []}, {"type": "query_size", "inputs": [3], "_output": "small", "value_inputs": []}], [{"type": "scene", "inputs": [], "_output": [0, 1, 2, 3, 4, 5, 6], "value_inputs": []}, {"type": "filter_color", "inputs": [0], "_output": [4], "value_inputs": ["gray"]}, {"type": "filter_shape", "inputs": [1], "_output": [4], "value_inputs": ["sphere"]}, {"type": "unique", "inputs": [2], "_output": 4, "value_inputs": []}, {"type": "query_size", "inputs": [3], "_output": "small", "value_inputs": []}], [{"type": "scene", "inputs": [], "_output": [0, 1, 2, 3, 4, 5, 6, 7, 8], "value_inputs": []}, {"type": "filter_color", "inputs": [0], "_output": [6, 8], "value_inputs": ["gray"]}, {"type": "filter_shape", "inputs": [1], "_output": [6], "value_inputs": ["sphere"]}, {"type": "unique", "inputs": [2], "_output": 6, "value_inputs": []}, {"type": "query_size", "inputs": [3], "_output": "large", "value_inputs": []}], [{"type": "scene", "inputs": [], "_output": [0, 1, 2, 3, 4, 5], "value_inputs": []}, {"type": "filter_color", "inputs": [0], "_output": [4], "value_inputs": ["gray"]}, {"type": "filter_shape", "inputs": [1], "_output": [4], "value_inputs": ["sphere"]}, {"type": "unique", "inputs": [2], "_output": 4, "value_inputs": []}, {"type": "query_size", "inputs": [3], "_output": "large", "value_inputs": []}], [{"type": "scene", "inputs": [], "_output": [0, 1, 2, 3, 4, 5, 6, 7, 8, 9], "value_inputs": []}, {"type": "filter_color", "inputs": [0], "_output": [6], "value_inputs": ["gray"]}, {"type": "filter_shape", "inputs": [1], "_output": [6], "value_inputs": ["sphere"]}, {"type": "unique", "inputs": [2], "_output": 6, "value_inputs": []}, {"type": "query_size", "inputs": [3], "_output": "small", "value_inputs": []}]]}, {"split": "train", "question": "The green thing has what size?", "template_filename": "1_zero_hop", "template_index": 5, "question_index": 26, "image_filenames": ["CLEVR_train_004942.png", "CLEVR_train_002095.png", "CLEVR_train_003472.png", "CLEVR_train_002436.png", "CLEVR_train_003382.png"], "image_indices": [4942, 2095, 3472, 2436, 3382], "answers": ["small", "large", "large", "large", "small"], "program": [[{"type": "scene", "inputs": [], "_output": [0, 1, 2, 3, 4, 5], "value_inputs": []}, {"type": "filter_color", "inputs": [0], "_output": [4], "value_inputs": ["green"]}, {"type": "unique", "inputs": [1], "_output": 4, "value_inputs": []}, {"type": "query_size", "inputs": [2], "_output": "small", "value_inputs": []}], [{"type": "scene", "inputs": [], "_output": [0, 1, 2], "value_inputs": []}, {"type": "filter_color", "inputs": [0], "_output": [0], "value_inputs": ["green"]}, {"type": "unique", "inputs": [1], "_output": 0, "value_inputs": []}, {"type": "query_size", "inputs": [2], "_output": "large", "value_inputs": []}], [{"type": "scene", "inputs": [], "_output": [0, 1, 2, 3, 4, 5, 6, 7, 8], "value_inputs": []}, {"type": "filter_color", "inputs": [0], "_output": [3], "value_inputs": ["green"]}, {"type": "unique", "inputs": [1], "_output": 3, "value_inputs": []}, {"type": "query_size", "inputs": [2], "_output": "large", "value_inputs": []}], [{"type": "scene", "inputs": [], "_output": [0, 1, 2, 3, 4, 5], "value_inputs": []}, {"type": "filter_color", "inputs": [0], "_output": [0], "value_inputs": ["green"]}, {"type": "unique", "inputs": [1], "_output": 0, "value_inputs": []}, {"type": "query_size", "inputs": [2], "_output": "large", "value_inputs": []}], [{"type": "scene", "inputs": [], "_output": [0, 1, 2], "value_inputs": []}, {"type": "filter_color", "inputs": [0], "_output": [1], "value_inputs": ["green"]}, {"type": "unique", "inputs": [1], "_output": 1, "value_inputs": []}, {"type": "query_size", "inputs": [2], "_output": "small", "value_inputs": []}]]}, {"split": "train", "question": "The gray metal thing has what size?", "template_filename": "1_zero_hop", "template_index": 5, "question_index": 27, "image_filenames": ["CLEVR_train_003121.png", "CLEVR_train_003382.png", "CLEVR_train_003611.png", "CLEVR_train_002288.png", "CLEVR_train_002177.png"], "image_indices": [3121, 3382, 3611, 2288, 2177], "answers": ["large", "small", "small", "large", "large"], "program": [[{"type": "scene", "inputs": [], "_output": [0, 1, 2, 3, 4, 5, 6, 7, 8], "value_inputs": []}, {"type": "filter_color", "inputs": [0], "_output": [6, 8], "value_inputs": ["gray"]}, {"type": "filter_material", "inputs": [1], "_output": [6], "value_inputs": ["metal"]}, {"type": "unique", "inputs": [2], "_output": 6, "value_inputs": []}, {"type": "query_size", "inputs": [3], "_output": "large", "value_inputs": []}], [{"type": "scene", "inputs": [], "_output": [0, 1, 2], "value_inputs": []}, {"type": "filter_color", "inputs": [0], "_output": [0], "value_inputs": ["gray"]}, {"type": "filter_material", "inputs": [1], "_output": [0], "value_inputs": ["metal"]}, {"type": "unique", "inputs": [2], "_output": 0, "value_inputs": []}, {"type": "query_size", "inputs": [3], "_output": "small", "value_inputs": []}], [{"type": "scene", "inputs": [], "_output": [0, 1, 2, 3, 4, 5, 6, 7], "value_inputs": []}, {"type": "filter_color", "inputs": [0], "_output": [3], "value_inputs": ["gray"]}, {"type": "filter_material", "inputs": [1], "_output": [3], "value_inputs": ["metal"]}, {"type": "unique", "inputs": [2], "_output": 3, "value_inputs": []}, {"type": "query_size", "inputs": [3], "_output": "small", "value_inputs": []}], [{"type": "scene", "inputs": [], "_output": [0, 1, 2, 3, 4], "value_inputs": []}, {"type": "filter_color", "inputs": [0], "_output": [4], "value_inputs": ["gray"]}, {"type": "filter_material", "inputs": [1], "_output": [4], "value_inputs": ["metal"]}, {"type": "unique", "inputs": [2], "_output": 4, "value_inputs": []}, {"type": "query_size", "inputs": [3], "_output": "large", "value_inputs": []}], [{"type": "scene", "inputs": [], "_output": [0, 1, 2, 3, 4, 5, 6, 7, 8], "value_inputs": []}, {"type": "filter_color", "inputs": [0], "_output": [0, 7, 8], "value_inputs": ["gray"]}, {"type": "filter_material", "inputs": [1], "_output": [0], "value_inputs": ["metal"]}, {"type": "unique", "inputs": [2], "_output": 0, "value_inputs": []}, {"type": "query_size", "inputs": [3], "_output": "large", "value_inputs": []}]]}, {"split": "train", "question": "The brown metal thing has what size?", "template_filename": "1_zero_hop", "template_index": 5, "question_index": 28, "image_filenames": ["CLEVR_train_003321.png", "CLEVR_train_003611.png", "CLEVR_train_002422.png", "CLEVR_train_000642.png", "CLEVR_train_001201.png"], "image_indices": [3321, 3611, 2422, 642, 1201], "answers": ["small", "small", "small", "small", "large"], "program": [[{"type": "scene", "inputs": [], "_output": [0, 1, 2, 3, 4], "value_inputs": []}, {"type": "filter_color", "inputs": [0], "_output": [0], "value_inputs": ["brown"]}, {"type": "filter_material", "inputs": [1], "_output": [0], "value_inputs": ["metal"]}, {"type": "unique", "inputs": [2], "_output": 0, "value_inputs": []}, {"type": "query_size", "inputs": [3], "_output": "small", "value_inputs": []}], [{"type": "scene", "inputs": [], "_output": [0, 1, 2, 3, 4, 5, 6, 7], "value_inputs": []}, {"type": "filter_color", "inputs": [0], "_output": [1], "value_inputs": ["brown"]}, {"type": "filter_material", "inputs": [1], "_output": [1], "value_inputs": ["metal"]}, {"type": "unique", "inputs": [2], "_output": 1, "value_inputs": []}, {"type": "query_size", "inputs": [3], "_output": "small", "value_inputs": []}], [{"type": "scene", "inputs": [], "_output": [0, 1, 2], "value_inputs": []}, {"type": "filter_color", "inputs": [0], "_output": [0, 2], "value_inputs": ["brown"]}, {"type": "filter_material", "inputs": [1], "_output": [0], "value_inputs": ["metal"]}, {"type": "unique", "inputs": [2], "_output": 0, "value_inputs": []}, {"type": "query_size", "inputs": [3], "_output": "small", "value_inputs": []}], [{"type": "scene", "inputs": [], "_output": [0, 1, 2, 3, 4], "value_inputs": []}, {"type": "filter_color", "inputs": [0], "_output": [0], "value_inputs": ["brown"]}, {"type": "filter_material", "inputs": [1], "_output": [0], "value_inputs": ["metal"]}, {"type": "unique", "inputs": [2], "_output": 0, "value_inputs": []}, {"type": "query_size", "inputs": [3], "_output": "small", "value_inputs": []}], [{"type": "scene", "inputs": [], "_output": [0, 1, 2, 3, 4, 5, 6, 7, 8, 9], "value_inputs": []}, {"type": "filter_color", "inputs": [0], "_output": [1], "value_inputs": ["brown"]}, {"type": "filter_material", "inputs": [1], "_output": [1], "value_inputs": ["metal"]}, {"type": "unique", "inputs": [2], "_output": 1, "value_inputs": []}, {"type": "query_size", "inputs": [3], "_output": "large", "value_inputs": []}]]}, {"split": "train", "question": "The brown thing is what size?", "template_filename": "1_zero_hop", "template_index": 5, "question_index": 29, "image_filenames": ["CLEVR_train_002469.png", "CLEVR_train_001962.png", "CLEVR_train_003878.png", "CLEVR_train_002107.png", "CLEVR_train_001684.png"], "image_indices": [2469, 1962, 3878, 2107, 1684], "answers": ["large", "large", "small", "small", "large"], "program": [[{"type": "scene", "inputs": [], "_output": [0, 1, 2, 3, 4, 5, 6, 7, 8, 9], "value_inputs": []}, {"type": "filter_color", "inputs": [0], "_output": [7], "value_inputs": ["brown"]}, {"type": "unique", "inputs": [1], "_output": 7, "value_inputs": []}, {"type": "query_size", "inputs": [2], "_output": "large", "value_inputs": []}], [{"type": "scene", "inputs": [], "_output": [0, 1, 2, 3, 4], "value_inputs": []}, {"type": "filter_color", "inputs": [0], "_output": [3], "value_inputs": ["brown"]}, {"type": "unique", "inputs": [1], "_output": 3, "value_inputs": []}, {"type": "query_size", "inputs": [2], "_output": "large", "value_inputs": []}], [{"type": "scene", "inputs": [], "_output": [0, 1, 2, 3, 4, 5, 6, 7, 8, 9], "value_inputs": []}, {"type": "filter_color", "inputs": [0], "_output": [2], "value_inputs": ["brown"]}, {"type": "unique", "inputs": [1], "_output": 2, "value_inputs": []}, {"type": "query_size", "inputs": [2], "_output": "small", "value_inputs": []}], [{"type": "scene", "inputs": [], "_output": [0, 1, 2, 3, 4, 5, 6], "value_inputs": []}, {"type": "filter_color", "inputs": [0], "_output": [6], "value_inputs": ["brown"]}, {"type": "unique", "inputs": [1], "_output": 6, "value_inputs": []}, {"type": "query_size", "inputs": [2], "_output": "small", "value_inputs": []}], [{"type": "scene", "inputs": [], "_output": [0, 1, 2, 3, 4, 5], "value_inputs": []}, {"type": "filter_color", "inputs": [0], "_output": [0], "value_inputs": ["brown"]}, {"type": "unique", "inputs": [1], "_output": 0, "value_inputs": []}, {"type": "query_size", "inputs": [2], "_output": "large", "value_inputs": []}]]}]}