{"info": {"split": "train", "license": "Creative Commons Attribution (CC BY 4.0)", "version": "1.0", "date": "2/14/2017"}, "questions": [{"split": "train", "question": "Is the number of large rubber cubes less than the number of large green rubber things?", "template_filename": "1_compare_integer", "template_index": 1, "question_index": 0, "image_filenames": ["CLEVR_train_001055.png", "CLEVR_train_002375.png", "CLEVR_train_000182.png", "CLEVR_train_001090.png", "CLEVR_train_002077.png"], "image_indices": [1055, 2375, 182, 1090, 2077], "answers": [false, false, true, false, true], "program": [[{"type": "scene", "inputs": [], "_output": [0, 1, 2, 3, 4, 5, 6, 7, 8, 9], "value_inputs": []}, {"type": "filter_size", "inputs": [0], "_output": [0, 1, 2, 4, 5, 8], "value_inputs": ["large"]}, {"type": "filter_material", "inputs": [1], "_output": [2, 4, 5], "value_inputs": ["rubber"]}, {"type": "filter_shape", "inputs": [2], "_output": [4, 5], "value_inputs": ["cube"]}, {"type": "count", "inputs": [3], "_output": 2, "value_inputs": []}, {"type": "scene", "inputs": [], "_output": [0, 1, 2, 3, 4, 5, 6, 7, 8, 9], "value_inputs": []}, {"type": "filter_size", "inputs": [5], "_output": [0, 1, 2, 4, 5, 8], "value_inputs": ["large"]}, {"type": "filter_color", "inputs": [6], "_output": [2], "value_inputs": ["green"]}, {"type": "filter_material", "inputs": [7], "_output": [2], "value_inputs": ["rubber"]}, {"type": "count", "inputs": [8], "_output": 1, "value_inputs": []}, {"type": "less_than", "inputs": [4, 9], "_output": false, "value_inputs": []}], [{"type": "scene", "inputs": [], "_output": [0, 1, 2, 3, 4], "value_inputs": []}, {"type": "filter_size", "inputs": [0], "_output": [0, 1, 2, 3, 4], "value_inputs": ["large"]}, {"type": "filter_material", "inputs": [1], "_output": [0, 1, 3, 4], "value_inputs": ["rubber"]}, {"type": "filter_shape", "inputs": [2], "_output": [0, 4], "value_inputs": ["cube"]}, {"type": "count", "inputs": [3], "_output": 2, "value_inputs": []}, {"type": "scene", "inputs": [], "_output": [0, 1, 2, 3, 4], "value_inputs": []}, {"type": "filter_size", "inputs": [5], "_output": [0, 1, 2, 3, 4], "value_inputs": ["large"]}, {"type": "filter_color", "inputs": [6], "_output": [4], "value_inputs": ["green"]}, {"type": "filter_material", "inputs": [7], "_output": [4], "value_inputs": ["rubber"]}, {"type": "count", "inputs": [8], "_output": 1, "value_inputs": []}, {"type": "less_than", "inputs": [4, 9], "_output": false, "value_inputs": []}], [{"type": "scene", "inputs": [], "_output": [0, 1, 2, 3, 4], "value_inputs": []}, {"type": "filter_size", "inputs": [0], "_output": [0, 2, 3, 4], "value_inputs": ["large"]}, {"type": "filter_material", "inputs": [1], "_output": [0, 2, 3], "value_inputs": ["rubber"]}, {"type": "filter_shape", "inputs": [2], "_output": [0], "value_inputs": ["cube"]}, {"type": "count", "inputs": [3], "_output": 1, "value_inputs": []}, {"type": "scene", "inputs": [], "_output": [0, 1, 2, 3, 4], "value_inputs": []}, {"type": "filter_size", "inputs": [5], "_output": [0, 2, 3, 4], "value_inputs": ["large"]}, {"type": "filter_color", "inputs": [6], "_output": [0, 3, 4], "value_inputs": ["green"]}, {"type": "filter_material", "inputs": [7], "_output": [0, 3], "value_inputs": ["rubber"]}, {"type": "count", "inputs": [8], "_output": 2, "value_inputs": []}, {"type": "less_than", "inputs": [4, 9], "_output": true, "value_inputs": []}], [{"type": "scene", "inputs": [], "_output": [0, 1, 2, 3, 4, 5, 6, 7], "value_inputs": []}, {"type": "filter_size", "inputs": [0], "_output": [1, 2, 4, 7], "value_inputs": ["large"]}, {"type": "filter_material", "inputs": [1], "_output": [1, 2], "value_inputs": ["rubber"]}, {"type": "filter_shape", "inputs": [2], "_output": [1, 2], "value_inputs": ["cube"]}, {"type": "count", "inputs": [3], "_output": 2, "value_inputs": []}, {"type": "scene", "inputs": [], "_output": [0, 1, 2, 3, 4, 5, 6, 7], "value_inputs": []}, {"type": "filter_size", "inputs": [5], "_output": [1, 2, 4, 7], "value_inputs": ["large"]}, {"type": "filter_color", "inputs": [6], "_output": [2], "value_inputs": ["green"]}, {"type": "filter_material", "inputs": [7], "_output": [2], "value_inputs": ["rubber"]}, {"type": "count", "inputs": [8], "_output": 1, "value_inputs": []}, {"type": "less_than", "inputs": [4, 9], "_output": false, "value_inputs": []}], [{"type": "scene", "inputs": [], "_output": [0, 1, 2, 3, 4, 5], "value_inputs": []}, {"type": "filter_size", "inputs": [0], "_output": [0, 1, 4], "value_inputs": ["large"]}, {"type": "filter_material", "inputs": [1], "_output": [0, 1, 4], "value_inputs": ["rubber"]}, {"type": "filter_shape", "inputs": [2], "_output": [0], "value_inputs": ["cube"]}, {"type": "count", "inputs": [3], "_output": 1, "value_inputs": []}, {"type": "scene", "inputs": [], "_output": [0, 1, 2, 3, 4, 5], "value_inputs": []}, {"type": "filter_size", "inputs": [5], "_output": [0, 1, 4], "value_inputs": ["large"]}, {"type": "filter_color", "inputs": [6], "_output": [0, 4], "value_inputs": ["green"]}, {"type": "filter_material", "inputs": [7], "_output": [0, 4], "value_inputs": ["rubber"]}, {"type": "count", "inputs": [8], "_output": 2, "value_inputs": []}, {"type": "less_than", "inputs": [4, 9], "_output": true, "value_inputs": []}]]}, {"split": "train", "question": "Is the number of metal spheres less than the number of blue metal things?", "template_filename": "1_compare_integer", "template_index": 1, "question_index": 1, "image_filenames": ["CLEVR_train_001894.png", "CLEVR_train_001383.png", "CLEVR_train_002259.png", "CLEVR_train_004979.png", "CLEVR_train_001397.png"], "image_indices": [1894, 1383, 2259, 4979, 1397], "answers": [false, false, false, true, true], "program": [[{"type": "scene", "inputs": [], "_output": [0, 1, 2, 3, 4, 5, 6, 7, 8, 9], "value_inputs": []}, {"type": "filter_material", "inputs": [0], "_output": [1, 2, 3, 6, 7], "value_inputs": ["metal"]}, {"type": "filter_shape", "inputs": [1], "_output": [2, 6, 7], "value_inputs": ["sphere"]}, {"type": "count", "inputs": [2], "_output": 3, "value_inputs": []}, {"type": "scene", "inputs": [], "_output": [0, 1, 2, 3, 4, 5, 6, 7, 8, 9], "value_inputs": []}, {"type": "filter_color", "inputs": [4], "_output": [3, 9], "value_inputs": ["blue"]}, {"type": "filter_material", "inputs": [5], "_output": [3], "value_inputs": ["metal"]}, {"type": "count", "inputs": [6], "_output": 1, "value_inputs": []}, {"type": "less_than", "inputs": [3, 7], "_output": false, "value_inputs": []}], [{"type": "scene", "inputs": [], "_output": [0, 1, 2], "value_inputs": []}, {"type": "filter_material", "inputs": [0], "_output": [0, 1], "value_inputs": ["metal"]}, {"type": "filter_shape", "inputs": [1], "_output": [0, 1], "value_inputs": ["sphere"]}, {"type": "count", "inputs": [2], "_output": 2, "value_inputs": []}, {"type": "scene", "inputs": [], "_output": [0, 1, 2], "value_inputs": []}, {"type": "filter_color", "inputs": [4], "_output": [0], "value_inputs": ["blue"]}, {"type": "filter_material", "inputs": [5], "_output": [0], "value_inputs": ["metal"]}, {"type": "count", "inputs": [6], "_output": 1, "value_inputs": []}, {"type": "less_than", "inputs": [3, 7], "_output": false, "value_inputs": []}], [{"type": "scene", "inputs": [], "_output": [0, 1, 2, 3, 4], "value_inputs": []}, {"type": "filter_material", "inputs": [0], "_output": [1, 2, 3, 4], "value_inputs": ["metal"]}, {"type": "filter_shape", "inputs": [1], "_output": [3, 4], "value_inputs": ["sphere"]}, {"type": "count", "inputs": [2], "_output": 2, "value_inputs": []}, {"type": "scene", "inputs": [], "_output": [0, 1, 2, 3, 4], "value_inputs": []}, {"type": "filter_color", "inputs": [4], "_output": [2], "value_inputs": ["blue"]}, {"type": "filter_material", "inputs": [5], "_output": [2], "value_inputs": ["metal"]}, {"type": "count", "inputs": [6], "_output": 1, "value_inputs": []}, {"type": "less_than", "inputs": [3, 7], "_output": false, "value_inputs": []}], [{"type": "scene", "inputs": [], "_output": [0, 1, 2, 3, 4, 5, 6, 7], "value_inputs": []}, {"type": "filter_material", "inputs": [0], "_output": [0, 1, 2, 5, 7], "value_inputs": ["metal"]}, {"type": "filter_shape", "inputs": [1], "_output": [1], "value_inputs": ["sphere"]}, {"type": "count", "inputs": [2], "_output": 1, "value_inputs": []}, {"type": "scene", "inputs": [], "_output": [0, 1, 2, 3, 4, 5, 6, 7], "value_inputs": []}, {"type": "filter_color", "inputs": [4], "_output": [1, 2], "value_inputs": ["blue"]}, {"type": "filter_material", "inputs": [5], "_output": [1, 2], "value_inputs": ["metal"]}, {"type": "count", "inputs": [6], "_output": 2, "value_inputs": []}, {"type": "less_than", "inputs": [3, 7], "_output": true, "value_inputs": []}], [{"type": "scene", "inputs": [], "_output": [0, 1, 2, 3, 4], "value_inputs": []}, {"type": "filter_material", "inputs": [0], "_output": [0, 1, 2, 4], "value_inputs": ["metal"]}, {"type": "filter_shape", "inputs": [1], "_output": [4], "value_inputs": ["sphere"]}, {"type": "count", "inputs": [2], "_output": 1, "value_inputs": []}, {"type": "scene", "inputs": [], "_output": [0, 1, 2, 3, 4], "value_inputs": []}, {"type": "filter_color", "inputs": [4], "_output": [1, 4], "value_inputs": ["blue"]}, {"type": "filter_material", "inputs": [5], "_output": [1, 4], "value_inputs": ["metal"]}, {"type": "count", "inputs": [6], "_output": 2, "value_inputs": []}, {"type": "less_than", "inputs": [3, 7], "_output": true, "value_inputs": []}]]}, {"split": "train", "question": "Is the number of cyan rubber things less than the number of large cylinders?", "template_filename": "1_compare_integer", "template_index": 1, "question_index": 2, "image_filenames": ["CLEVR_train_002778.png", "CLEVR_train_004691.png", "CLEVR_train_003543.png", "CLEVR_train_004934.png", "CLEVR_train_003818.png"], "image_indices": [2778, 4691, 3543, 4934, 3818], "answers": [true, true, true, false, false], "program": [[{"type": "scene", "inputs": [], "_output": [0, 1, 2, 3, 4, 5], "value_inputs": []}, {"type": "filter_color", "inputs": [0], "_output": [1], "value_inputs": ["cyan"]}, {"type": "filter_material", "inputs": [1], "_output": [1], "value_inputs": ["rubber"]}, {"type": "count", "inputs": [2], "_output": 1, "value_inputs": []}, {"type": "scene", "inputs": [], "_output": [0, 1, 2, 3, 4, 5], "value_inputs": []}, {"type": "filter_size", "inputs": [4], "_output": [3, 5], "value_inputs": ["large"]}, {"type": "filter_shape", "inputs": [5], "_output": [3, 5], "value_inputs": ["cylinder"]}, {"type": "count", "inputs": [6], "_output": 2, "value_inputs": []}, {"type": "less_than", "inputs": [3, 7], "_output": true, "value_inputs": []}], [{"type": "scene", "inputs": [], "_output": [0, 1, 2, 3], "value_inputs": []}, {"type": "filter_color", "inputs": [0], "_output": [2], "value_inputs": ["cyan"]}, {"type": "filter_material", "inputs": [1], "_output": [2], "value_inputs": ["rubber"]}, {"type": "count", "inputs": [2], "_output": 1, "value_inputs": []}, {"type": "scene", "inputs": [], "_output": [0, 1, 2, 3], "value_inputs": []}, {"type": "filter_size", "inputs": [4], "_output": [0, 1, 2, 3], "value_inputs": ["large"]}, {"type": "filter_shape", "inputs": [5], "_output": [1, 2, 3], "value_inputs": ["cylinder"]}, {"type": "count", "inputs": [6], "_output": 3, "value_inputs": []}, {"type": "less_than", "inputs": [3, 7], "_output": true, "value_inputs": []}], [{"type": "scene", "inputs": [], "_output": [0, 1, 2, 3, 4, 5, 6, 7, 8], "value_inputs": []}, {"type": "filter_color", "inputs": [0], "_output": [2, 4, 5, 7, 8], "value_inputs": ["cyan"]}, {"type": "filter_material", "inputs": [1], "_output": [5], "value_inputs": ["rubber"]}, {"type": "count", "inputs": [2], "_output": 1, "value_inputs": []}, {"type": "scene", "inputs": [], "_output": [0, 1, 2, 3, 4, 5, 6, 7, 8], "value_inputs": []}, {"type": "filter_size", "inputs": [4], "_output": [0, 1, 6, 7], "value_inputs": ["large"]}, {"type": "filter_shape", "inputs": [5], "_output": [0, 1], "value_inputs": ["cylinder"]}, {"type": "count", "inputs": [6], "_output": 2, "value_inputs": []}, {"type": "less_than", "inputs": [3, 7], "_output": true, "value_inputs": []}], [{"type": "scene", "inputs": [], "_output": [0, 1, 2, 3, 4, 5, 6, 7, 8, 9], "value_inputs": []}, {"type": "filter_color", "inputs": [0], "_output": [3, 8], "value_inputs": ["cyan"]}, {"type": "filter_material", "inputs": [1], "_output": [3, 8], "value_inputs": ["rubber"]}, {"type": "count", "inputs": [2], "_output": 2, "value_inputs": []}, {"type": "scene", "inputs": [], "_output": [0, 1, 2, 3, 4, 5, 6, 7, 8, 9], "value_inputs": []}, {"type": "filter_size", "inputs": [4], "_output": [1, 5, 7], "value_inputs": ["large"]}, {"type": "filter_shape", "inputs": [5], "_output": [5], "value_inputs": ["cylinder"]}, {"type": "count", "inputs": [6], "_output": 1, "value_inputs": []}, {"type": "less_than", "inputs": [3, 7], "_output": false, "value_inputs": []}], [{"type": "scene", "inputs": [], "_output": [0, 1, 2, 3, 4, 5, 6, 7, 8, 9], "value_inputs": []}, {"type": "filter_color", "inputs": [0], "_output": [0, 5], "value_inputs": ["cyan"]}, {"type": "filter_material", "inputs": [1], "_output": [0, 5], "value_inputs": ["rubber"]}, {"type": "count", "inputs": [2], "_output": 2, "value_inputs": []}, {"type": "scene", "inputs": [], "_output": [0, 1, 2, 3, 4, 5, 6, 7, 8, 9], "value_inputs": []}, {"type": "filter_size", "inputs": [4], "_output": [0, 1, 2, 4, 5], "value_inputs": ["large"]}, {"type": "filter_shape", "inputs": [5], "_output": [0], "value_inputs": ["cylinder"]}, {"type": "count", "inputs": [6], "_output": 1, "value_inputs": []}, {"type": "less_than", "inputs": [3, 7], "_output": false, "value_inputs": []}]]}, {"split": "train", "question": "Is the number of large cylinders greater than the number of small rubber spheres?", "template_filename": "1_compare_integer", "template_index": 2, "question_index": 3, "image_filenames": ["CLEVR_train_004872.png", "CLEVR_train_002513.png", "CLEVR_train_000506.png", "CLEVR_train_002850.png", "CLEVR_train_003155.png"], "image_indices": [4872, 2513, 506, 2850, 3155], "answers": [true, true, true, true, false], "program": [[{"type": "scene", "inputs": [], "_output": [0, 1, 2, 3, 4, 5, 6, 7, 8, 9], "value_inputs": []}, {"type": "filter_size", "inputs": [0], "_output": [0, 3, 4, 6, 7, 8, 9], "value_inputs": ["large"]}, {"type": "filter_shape", "inputs": [1], "_output": [4, 9], "value_inputs": ["cylinder"]}, {"type": "count", "inputs": [2], "_output": 2, "value_inputs": []}, {"type": "scene", "inputs": [], "_output": [0, 1, 2, 3, 4, 5, 6, 7, 8, 9], "value_inputs": []}, {"type": "filter_size", "inputs": [4], "_output": [1, 2, 5], "value_inputs": ["small"]}, {"type": "filter_material", "inputs": [5], "_output": [1], "value_inputs": ["rubber"]}, {"type": "filter_shape", "inputs": [6], "_output": [1], "value_inputs": ["sphere"]}, {"type": "count", "inputs": [7], "_output": 1, "value_inputs": []}, {"type": "greater_than", "inputs": [3, 8], "_output": true, "value_inputs": []}], [{"type": "scene", "inputs": [], "_output": [0, 1, 2, 3], "value_inputs": []}, {"type": "filter_size", "inputs": [0], "_output": [0, 2, 3], "value_inputs": ["large"]}, {"type": "filter_shape", "inputs": [1], "_output": [2, 3], "value_inputs": ["cylinder"]}, {"type": "count", "inputs": [2], "_output": 2, "value_inputs": []}, {"type": "scene", "inputs": [], "_output": [0, 1, 2, 3], "value_inputs": []}, {"type": "filter_size", "inputs": [4], "_output": [1], "value_inputs": ["small"]}, {"type": "filter_material", "inputs": [5], "_output": [1], "value_inputs": ["rubber"]}, {"type": "filter_shape", "inputs": [6], "_output": [1], "value_inputs": ["sphere"]}, {"type": "count", "inputs": [7], "_output": 1, "value_inputs": []}, {"type": "greater_than", "inputs": [3, 8], "_output": true, "value_inputs": []}], [{"type": "scene", "inputs": [], "_output": [0, 1, 2, 3, 4, 5, 6, 7, 8], "value_inputs": []}, {"type": "filter_size", "inputs": [0], "_output": [0, 2, 5, 6, 7], "value_inputs": ["large"]}, {"type": "filter_shape", "inputs": [1], "_output": [0, 2], "value_inputs": ["cylinder"]}, {"type": "count", "inputs": [2], "_output": 2, "value_inputs": []}, {"type": "scene", "inputs": [], "_output": [0, 1, 2, 3, 4, 5, 6, 7, 8], "value_inputs": []}, {"type": "filter_size", "inputs": [4], "_output": [1, 3, 4, 8], "value_inputs": ["small"]}, {"type": "filter_material", "inputs": [5], "_output": [1, 3], "value_inputs": ["rubber"]}, {"type": "filter_shape", "inputs": [6], "_output": [1], "value_inputs": ["sphere"]}, {"type": "count", "inputs": [7], "_output": 1, "value_inputs": []}, {"type": "greater_than", "inputs": [3, 8], "_output": true, "value_inputs": []}], [{"type": "scene", "inputs": [], "_output": [0, 1, 2, 3, 4, 5, 6, 7, 8, 9], "value_inputs": []}, {"type": "filter_size", "inputs": [0], "_output": [2, 3, 5, 7, 8, 9], "value_inputs": ["large"]}, {"type": "filter_shape", "inputs": [1], "_output": [2, 7], "value_inputs": ["cylinder"]}, {"type": "count", "inputs": [2], "_output": 2, "value_inputs": []}, {"type": "scene", "inputs": [], "_output": [0, 1, 2, 3, 4, 5, 6, 7, 8, 9], "value_inputs": []}, {"type": "filter_size", "inputs": [4], "_output": [0, 1, 4, 6], "value_inputs": ["small"]}, {"type": "filter_material", "inputs": [5], "_output": [0, 4, 6], "value_inputs": ["rubber"]}, {"type": "filter_shape", "inputs": [6], "_output": [4], "value_inputs": ["sphere"]}, {"type": "count", "inputs": [7], "_output": 1, "value_inputs": []}, {"type": "greater_than", "inputs": [3, 8], "_output": true, "value_inputs": []}], [{"type": "scene", "inputs": [], "_output": [0, 1, 2, 3, 4, 5], "value_inputs": []}, {"type": "filter_size", "inputs": [0], "_output": [0, 1], "value_inputs": ["large"]}, {"type": "filter_shape", "inputs": [1], "_output": [0], "value_inputs": ["cylinder"]}, {"type": "count", "inputs": [2], "_output": 1, "value_inputs": []}, {"type": "scene", "inputs": [], "_output": [0, 1, 2, 3, 4, 5], "value_inputs": []}, {"type": "filter_size", "inputs": [4], "_output": [2, 3, 4, 5], "value_inputs": ["small"]}, {"type": "filter_material", "inputs": [5], "_output": [3, 4, 5], "value_inputs": ["rubber"]}, {"type": "filter_shape", "inputs": [6], "_output": [3, 4, 5], "value_inputs": ["sphere"]}, {"type": "count", "inputs": [7], "_output": 3, "value_inputs": []}, {"type": "greater_than", "inputs": [3, 8], "_output": false, "value_inputs": []}]]}, {"split": "train", "question": "Is the number of small yellow things greater than the number of metal spheres?", "template_filename": "1_compare_integer", "template_index": 2, "question_index": 4, "image_filenames": ["CLEVR_train_000063.png", "CLEVR_train_002725.png", "CLEVR_train_002418.png", "CLEVR_train_003480.png", "CLEVR_train_004023.png"], "image_indices": [63, 2725, 2418, 3480, 4023], "answers": [false, false, true, false, true], "program": [[{"type": "scene", "inputs": [], "_output": [0, 1, 2, 3, 4, 5, 6, 7], "value_inputs": []}, {"type": "filter_size", "inputs": [0], "_output": [1, 5, 6, 7], "value_inputs": ["small"]}, {"type": "filter_color", "inputs": [1], "_output": [5], "value_inputs": ["yellow"]}, {"type": "count", "inputs": [2], "_output": 1, "value_inputs": []}, {"type": "scene", "inputs": [], "_output": [0, 1, 2, 3, 4, 5, 6, 7], "value_inputs": []}, {"type": "filter_material", "inputs": [4], "_output": [2, 3, 4, 5, 7], "value_inputs": ["metal"]}, {"type": "filter_shape", "inputs": [5], "_output": [4, 7], "value_inputs": ["sphere"]}, {"type": "count", "inputs": [6], "_output": 2, "value_inputs": []}, {"type": "greater_than", "inputs": [3, 7], "_output": false, "value_inputs": []}], [{"type": "scene", "inputs": [], "_output": [0, 1, 2, 3, 4], "value_inputs": []}, {"type": "filter_size", "inputs": [0], "_output": [2, 3], "value_inputs": ["small"]}, {"type": "filter_color", "inputs": [1], "_output": [3], "value_inputs": ["yellow"]}, {"type": "count", "inputs": [2], "_output": 1, "value_inputs": []}, {"type": "scene", "inputs": [], "_output": [0, 1, 2, 3, 4], "value_inputs": []}, {"type": "filter_material", "inputs": [4], "_output": [0, 1, 3], "value_inputs": ["metal"]}, {"type": "filter_shape", "inputs": [5], "_output": [1, 3], "value_inputs": ["sphere"]}, {"type": "count", "inputs": [6], "_output": 2, "value_inputs": []}, {"type": "greater_than", "inputs": [3, 7], "_output": false, "value_inputs": []}], [{"type": "scene", "inputs": [], "_output": [0, 1, 2, 3, 4, 5, 6], "value_inputs": []}, {"type": "filter_size", "inputs": [0], "_output": [0, 2, 3, 5, 6], "value_inputs": ["small"]}, {"type": "filter_color", "inputs": [1], "_output": [0, 2], "value_inputs": ["yellow"]}, {"type": "count", "inputs": [2], "_output": 2, "value_inputs": []}, {"type": "scene", "inputs": [], "_output": [0, 1, 2, 3, 4, 5, 6], "value_inputs": []}, {"type": "filter_material", "inputs": [4], "_output": [0, 2, 4], "value_inputs": ["metal"]}, {"type": "filter_shape", "inputs": [5], "_output": [2], "value_inputs": ["sphere"]}, {"type": "count", "inputs": [6], "_output": 1, "value_inputs": []}, {"type": "greater_than", "inputs": [3, 7], "_output": true, "value_inputs": []}], [{"type": "scene", "inputs": [], "_output": [0, 1, 2, 3], "value_inputs": []}, {"type": "filter_size", "inputs": [0], "_output": [0, 1, 3], "value_inputs": ["small"]}, {"type": "filter_color", "inputs": [1], "_output": [0, 1], "value_inputs": ["yellow"]}, {"type": "count", "inputs": [2], "_output": 2, "value_inputs": []}, {"type": "scene", "inputs": [], "_output": [0, 1, 2, 3], "value_inputs": []}, {"type": "filter_material", "inputs": [4], "_output": [0, 1, 3], "value_inputs": ["metal"]}, {"type": "filter_shape", "inputs": [5], "_output": [0, 1, 3], "value_inputs": ["sphere"]}, {"type": "count", "inputs": [6], "_output": 3, "value_inputs": []}, {"type": "greater_than", "inputs": [3, 7], "_output": false, "value_inputs": []}], [{"type": "scene", "inputs": [], "_output": [0, 1, 2], "value_inputs": []}, {"type": "filter_size", "inputs": [0], "_output": [1, 2], "value_inputs": ["small"]}, {"type": "filter_color", "inputs": [1], "_output": [1, 2], "value_inputs": ["yellow"]}, {"type": "count", "inputs": [2], "_output": 2, "value_inputs": []}, {"type": "scene", "inputs": [], "_output": [0, 1, 2], "value_inputs": []}, {"type": "filter_material", "inputs": [4], "_output": [0, 1, 2], "value_inputs": ["metal"]}, {"type": "filter_shape", "inputs": [5], "_output": [0], "value_inputs": ["sphere"]}, {"type": "count", "inputs": [6], "_output": 1, "value_inputs": []}, {"type": "greater_than", "inputs": [3, 7], "_output": true, "value_inputs": []}]]}, {"split": "train", "question": "Is the number of purple things greater than the number of small cubes?", "template_filename": "1_compare_integer", "template_index": 2, "question_index": 5, "image_filenames": ["CLEVR_train_000236.png", "CLEVR_train_001370.png", "CLEVR_train_002242.png", "CLEVR_train_004772.png", "CLEVR_train_003086.png"], "image_indices": [236, 1370, 2242, 4772, 3086], "answers": [false, true, true, true, false], "program": [[{"type": "scene", "inputs": [], "_output": [0, 1, 2, 3, 4, 5, 6, 7, 8], "value_inputs": []}, {"type": "filter_color", "inputs": [0], "_output": [8], "value_inputs": ["purple"]}, {"type": "count", "inputs": [1], "_output": 1, "value_inputs": []}, {"type": "scene", "inputs": [], "_output": [0, 1, 2, 3, 4, 5, 6, 7, 8], "value_inputs": []}, {"type": "filter_size", "inputs": [3], "_output": [0, 1, 3, 4, 5, 6, 7, 8], "value_inputs": ["small"]}, {"type": "filter_shape", "inputs": [4], "_output": [3, 7, 8], "value_inputs": ["cube"]}, {"type": "count", "inputs": [5], "_output": 3, "value_inputs": []}, {"type": "greater_than", "inputs": [2, 6], "_output": false, "value_inputs": []}], [{"type": "scene", "inputs": [], "_output": [0, 1, 2, 3, 4, 5, 6], "value_inputs": []}, {"type": "filter_color", "inputs": [0], "_output": [4, 6], "value_inputs": ["purple"]}, {"type": "count", "inputs": [1], "_output": 2, "value_inputs": []}, {"type": "scene", "inputs": [], "_output": [0, 1, 2, 3, 4, 5, 6], "value_inputs": []}, {"type": "filter_size", "inputs": [3], "_output": [0, 2, 5], "value_inputs": ["small"]}, {"type": "filter_shape", "inputs": [4], "_output": [2], "value_inputs": ["cube"]}, {"type": "count", "inputs": [5], "_output": 1, "value_inputs": []}, {"type": "greater_than", "inputs": [2, 6], "_output": true, "value_inputs": []}], [{"type": "scene", "inputs": [], "_output": [0, 1, 2, 3, 4, 5, 6, 7], "value_inputs": []}, {"type": "filter_color", "inputs": [0], "_output": [1, 4, 6, 7], "value_inputs": ["purple"]}, {"type": "count", "inputs": [1], "_output": 4, "value_inputs": []}, {"type": "scene", "inputs": [], "_output": [0, 1, 2, 3, 4, 5, 6, 7], "value_inputs": []}, {"type": "filter_size", "inputs": [3], "_output": [2, 3, 4, 6, 7], "value_inputs": ["small"]}, {"type": "filter_shape", "inputs": [4], "_output": [4, 7], "value_inputs": ["cube"]}, {"type": "count", "inputs": [5], "_output": 2, "value_inputs": []}, {"type": "greater_than", "inputs": [2, 6], "_output": true, "value_inputs": []}], [{"type": "scene", "inputs": [], "_output": [0, 1, 2, 3, 4, 5, 6, 7], "value_inputs": []}, {"type": "filter_color", "inputs": [0], "_output": [5, 7], "value_inputs": ["purple"]}, {"type": "count", "inputs": [1], "_output": 2, "value_inputs": []}, {"type": "scene", "inputs": [], "_output": [0, 1, 2, 3, 4, 5, 6, 7], "value_inputs": []}, {"type": "filter_size", "inputs": [3], "_output": [0, 1, 2, 3, 4, 5], "value_inputs": ["small"]}, {"type": "filter_shape", "inputs": [4], "_output": [2], "value_inputs": ["cube"]}, {"type": "count", "inputs": [5], "_output": 1, "value_inputs": []}, {"type": "greater_than", "inputs": [2, 6], "_output": true, "value_inputs": []}], [{"type": "scene", "inputs": [], "_output": [0, 1, 2, 3, 4, 5, 6, 7, 8, 9], "value_inputs": []}, {"type": "filter_color", "inputs": [0], "_output": [2, 4], "value_inputs": ["purple"]}, {"type": "count", "inputs": [1], "_output": 2, "value_inputs": []}, {"type": "scene", "inputs": [], "_output": [0, 1, 2, 3, 4, 5, 6, 7, 8, 9], "value_inputs": []}, {"type": "filter_size", "inputs": [3], "_output": [1, 3, 5, 6, 7, 8, 9], "value_inputs": ["small"]}, {"type": "filter_shape", "inputs": [4], "_output": [1, 3, 5, 6], "value_inputs": ["cube"]}, {"type": "count", "inputs": [5], "_output": 4, "value_inputs": []}, {"type": "greater_than", "inputs": [2, 6], "_output": false, "value_inputs": []}]]}]}