{"info": {"split": "train", "license": "Creative Commons Attribution (CC BY 4.0)", "version": "1.0", "date": "2/14/2017"}, "questions": [{"split": "train", "question": "How many other things are there of the same size as the cyan thing?", "template_filename": "1_same_relate_restricted", "template_index": 0, "question_index": 0, "image_filenames": ["CLEVR_train_002932.png", "CLEVR_train_003429.png", "CLEVR_train_004207.png", "CLEVR_train_000490.png", "CLEVR_train_002593.png"], "image_indices": [2932, 3429, 4207, 490, 2593], "answers": [5, 6, 2, 6, 4], "program": [[{"type": "scene", "inputs": [], "_output": [0, 1, 2, 3, 4, 5, 6, 7, 8], "value_inputs": []}, {"type": "filter_color", "inputs": [0], "_output": [6], "value_inputs": ["cyan"]}, {"type": "unique", "inputs": [1], "_output": 6, "value_inputs": []}, {"type": "same_size", "inputs": [2], "_output": [0, 2, 3, 5, 7], "value_inputs": []}, {"type": "count", "inputs": [3], "_output": 5, "value_inputs": []}], [{"type": "scene", "inputs": [], "_output": [0, 1, 2, 3, 4, 5, 6, 7, 8, 9], "value_inputs": []}, {"type": "filter_color", "inputs": [0], "_output": [6], "value_inputs": ["cyan"]}, {"type": "unique", "inputs": [1], "_output": 6, "value_inputs": []}, {"type": "same_size", "inputs": [2], "_output": [2, 3, 4, 5, 7, 9], "value_inputs": []}, {"type": "count", "inputs": [3], "_output": 6, "value_inputs": []}], [{"type": "scene", "inputs": [], "_output": [0, 1, 2, 3], "value_inputs": []}, {"type": "filter_color", "inputs": [0], "_output": [0], "value_inputs": ["cyan"]}, {"type": "unique", "inputs": [1], "_output": 0, "value_inputs": []}, {"type": "same_size", "inputs": [2], "_output": [1, 2], "value_inputs": []}, {"type": "count", "inputs": [3], "_output": 2, "value_inputs": []}], [{"type": "scene", "inputs": [], "_output": [0, 1, 2, 3, 4, 5, 6, 7, 8, 9], "value_inputs": []}, {"type": "filter_color", "inputs": [0], "_output": [2], "value_inputs": ["cyan"]}, {"type": "unique", "inputs": [1], "_output": 2, "value_inputs": []}, {"type": "same_size", "inputs": [2], "_output": [0, 1, 4, 5, 6, 9], "value_inputs": []}, {"type": "count", "inputs": [3], "_output": 6, "value_inputs": []}], [{"type": "scene", "inputs": [], "_output": [0, 1, 2, 3, 4, 5, 6, 7], "value_inputs": []}, {"type": "filter_color", "inputs": [0], "_output": [0], "value_inputs": ["cyan"]}, {"type": "unique", "inputs": [1], "_output": 0, "value_inputs": []}, {"type": "same_size", "inputs": [2], "_output": [1, 2, 6, 7], "value_inputs": []}, {"type": "count", "inputs": [3], "_output": 4, "value_inputs": []}]]}, {"split": "train", "question": "What number of other objects are the same size as the red thing?", "template_filename": "1_same_relate_restricted", "template_index": 0, "question_index": 1, "image_filenames": ["CLEVR_train_000783.png", "CLEVR_train_004771.png", "CLEVR_train_004695.png", "CLEVR_train_000843.png", "CLEVR_train_001985.png"], "image_indices": [783, 4771, 4695, 843, 1985], "answers": [4, 0, 4, 2, 4], "program": [[{"type": "scene", "inputs": [], "_output": [0, 1, 2, 3, 4, 5, 6], "value_inputs": []}, {"type": "filter_color", "inputs": [0], "_output": [0], "value_inputs": ["red"]}, {"type": "unique", "inputs": [1], "_output": 0, "value_inputs": []}, {"type": "same_size", "inputs": [2], "_output": [1, 2, 4, 5], "value_inputs": []}, {"type": "count", "inputs": [3], "_output": 4, "value_inputs": []}], [{"type": "scene", "inputs": [], "_output": [0, 1, 2], "value_inputs": []}, {"type": "filter_color", "inputs": [0], "_output": [1], "value_inputs": ["red"]}, {"type": "unique", "inputs": [1], "_output": 1, "value_inputs": []}, {"type": "same_size", "inputs": [2], "_output": [], "value_inputs": []}, {"type": "count", "inputs": [3], "_output": 0, "value_inputs": []}], [{"type": "scene", "inputs": [], "_output": [0, 1, 2, 3, 4, 5, 6, 7], "value_inputs": []}, {"type": "filter_color", "inputs": [0], "_output": [2], "value_inputs": ["red"]}, {"type": "unique", "inputs": [1], "_output": 2, "value_inputs": []}, {"type": "same_size", "inputs": [2], "_output": [0, 1, 5, 6], "value_inputs": []}, {"type": "count", "inputs": [3], "_output": 4, "value_inputs": []}], [{"type": "scene", "inputs": [], "_output": [0, 1, 2, 3, 4, 5, 6, 7, 8], "value_inputs": []}, {"type": "filter_color", "inputs": [0], "_output": [6], "value_inputs": ["red"]}, {"type": "unique", "inputs": [1], "_output": 6, "value_inputs": []}, {"type": "same_size", "inputs": [2], "_output": [0, 7], "value_inputs": []}, {"type": "count", "inputs": [3], "_output": 2, "value_inputs": []}], [{"type": "scene", "inputs": [], "_output": [0, 1, 2, 3, 4, 5, 6, 7, 8, 9], "value_inputs": []}, {"type": "filter_color", "inputs": [0], "_output": [0], "value_inputs": ["red"]}, {"type": "unique", "inputs": [1], "_output": 0, "value_inputs": []}, {"type": "same_size", "inputs": [2], "_output": [4, 7, 8, 9], "value_inputs": []}, {"type": "count", "inputs": [3], "_output": 4, "value_inputs": []}]]}, {"split": "train", "question": "What number of other things are there of the same size as the metal sphere?", "template_filename": "1_same_relate_restricted", "template_index": 0, "question_index": 2, "image_filenames": ["CLEVR_train_003310.png", "CLEVR_train_004207.png", "CLEVR_train_001500.png", "CLEVR_train_001139.png", "CLEVR_train_004523.png"], "image_indices": [3310, 4207, 1500, 1139, 4523], "answers": [5, 2, 6, 3, 1], "program": [[{"type": "scene", "inputs": [], "_output": [0, 1, 2, 3, 4, 5, 6, 7, 8, 9], "value_inputs": []}, {"type": "filter_material", "inputs": [0], "_output": [1, 2, 5, 7, 9], "value_inputs": ["metal"]}, {"type": "filter_shape", "inputs": [1], "_output": [1], "value_inputs": ["sphere"]}, {"type": "unique", "inputs": [2], "_output": 1, "value_inputs": []}, {"type": "same_size", "inputs": [3], "_output": [0, 2, 5, 6, 9], "value_inputs": []}, {"type": "count", "inputs": [4], "_output": 5, "value_inputs": []}], [{"type": "scene", "inputs": [], "_output": [0, 1, 2, 3], "value_inputs": []}, {"type": "filter_material", "inputs": [0], "_output": [0, 1], "value_inputs": ["metal"]}, {"type": "filter_shape", "inputs": [1], "_output": [0], "value_inputs": ["sphere"]}, {"type": "unique", "inputs": [2], "_output": 0, "value_inputs": []}, {"type": "same_size", "inputs": [3], "_output": [1, 2], "value_inputs": []}, {"type": "count", "inputs": [4], "_output": 2, "value_inputs": []}], [{"type": "scene", "inputs": [], "_output": [0, 1, 2, 3, 4, 5, 6, 7, 8], "value_inputs": []}, {"type": "filter_material", "inputs": [0], "_output": [0, 1, 3, 4, 5], "value_inputs": ["metal"]}, {"type": "filter_shape", "inputs": [1], "_output": [4], "value_inputs": ["sphere"]}, {"type": "unique", "inputs": [2], "_output": 4, "value_inputs": []}, {"type": "same_size", "inputs": [3], "_output": [1, 2, 3, 5, 6, 8], "value_inputs": []}, {"type": "count", "inputs": [4], "_output": 6, "value_inputs": []}], [{"type": "scene", "inputs": [], "_output": [0, 1, 2, 3, 4], "value_inputs": []}, {"type": "filter_material", "inputs": [0], "_output": [0, 1, 2, 3, 4], "value_inputs": ["metal"]}, {"type": "filter_shape", "inputs": [1], "_output": [4], "value_inputs": ["sphere"]}, {"type": "unique", "inputs": [2], "_output": 4, "value_inputs": []}, {"type": "same_size", "inputs": [3], "_output": [0, 2, 3], "value_inputs": []}, {"type": "count", "inputs": [4], "_output": 3, "value_inputs": []}], [{"type": "scene", "inputs": [], "_output": [0, 1, 2, 3], "value_inputs": []}, {"type": "filter_material", "inputs": [0], "_output": [3], "value_inputs": ["metal"]}, {"type": "filter_shape", "inputs": [1], "_output": [3], "value_inputs": ["sphere"]}, {"type": "unique", "inputs": [2], "_output": 3, "value_inputs": []}, {"type": "same_size", "inputs": [3], "_output": [1], "value_inputs": []}, {"type": "count", "inputs": [4], "_output": 1, "value_inputs": []}]]}, {"split": "train", "question": "What number of other objects are the same color as the small cylinder?", "template_filename": "1_same_relate_restricted", "template_index": 1, "question_index": 3, "image_filenames": ["CLEVR_train_004614.png", "CLEVR_train_003810.png", "CLEVR_train_002520.png", "CLEVR_train_003126.png", "CLEVR_train_002069.png"], "image_indices": [4614, 3810, 2520, 3126, 2069], "answers": [2, 0, 0, 1, 0], "program": [[{"type": "scene", "inputs": [], "_output": [0, 1, 2, 3, 4, 5, 6, 7], "value_inputs": []}, {"type": "filter_size", "inputs": [0], "_output": [0, 3, 4, 5, 7], "value_inputs": ["small"]}, {"type": "filter_shape", "inputs": [1], "_output": [0], "value_inputs": ["cylinder"]}, {"type": "unique", "inputs": [2], "_output": 0, "value_inputs": []}, {"type": "same_color", "inputs": [3], "_output": [1, 5], "value_inputs": []}, {"type": "count", "inputs": [4], "_output": 2, "value_inputs": []}], [{"type": "scene", "inputs": [], "_output": [0, 1, 2, 3], "value_inputs": []}, {"type": "filter_size", "inputs": [0], "_output": [0, 1], "value_inputs": ["small"]}, {"type": "filter_shape", "inputs": [1], "_output": [1], "value_inputs": ["cylinder"]}, {"type": "unique", "inputs": [2], "_output": 1, "value_inputs": []}, {"type": "same_color", "inputs": [3], "_output": [], "value_inputs": []}, {"type": "count", "inputs": [4], "_output": 0, "value_inputs": []}], [{"type": "scene", "inputs": [], "_output": [0, 1, 2, 3, 4, 5], "value_inputs": []}, {"type": "filter_size", "inputs": [0], "_output": [0, 2, 4, 5], "value_inputs": ["small"]}, {"type": "filter_shape", "inputs": [1], "_output": [2], "value_inputs": ["cylinder"]}, {"type": "unique", "inputs": [2], "_output": 2, "value_inputs": []}, {"type": "same_color", "inputs": [3], "_output": [], "value_inputs": []}, {"type": "count", "inputs": [4], "_output": 0, "value_inputs": []}], [{"type": "scene", "inputs": [], "_output": [0, 1, 2, 3, 4], "value_inputs": []}, {"type": "filter_size", "inputs": [0], "_output": [0, 3, 4], "value_inputs": ["small"]}, {"type": "filter_shape", "inputs": [1], "_output": [4], "value_inputs": ["cylinder"]}, {"type": "unique", "inputs": [2], "_output": 4, "value_inputs": []}, {"type": "same_color", "inputs": [3], "_output": [0], "value_inputs": []}, {"type": "count", "inputs": [4], "_output": 1, "value_inputs": []}], [{"type": "scene", "inputs": [], "_output": [0, 1, 2], "value_inputs": []}, {"type": "filter_size", "inputs": [0], "_output": [0], "value_inputs": ["small"]}, {"type": "filter_shape", "inputs": [1], "_output": [0], "value_inputs": ["cylinder"]}, {"type": "unique", "inputs": [2], "_output": 0, "value_inputs": []}, {"type": "same_color", "inputs": [3], "_output": [], "value_inputs": []}, {"type": "count", "inputs": [4], "_output": 0, "value_inputs": []}]]}, {"split": "train", "question": "What number of other objects are the same color as the large sphere?", "template_filename": "1_same_relate_restricted", "template_index": 1, "question_index": 4, "image_filenames": ["CLEVR_train_003713.png", "CLEVR_train_003126.png", "CLEVR_train_003279.png", "CLEVR_train_002553.png", "CLEVR_train_004421.png"], "image_indices": [3713, 3126, 3279, 2553, 4421], "answers": [2, 1, 1, 0, 0], "program": [[{"type": "scene", "inputs": [], "_output": [0, 1, 2, 3, 4, 5, 6], "value_inputs": []}, {"type": "filter_size", "inputs": [0], "_output": [0, 2, 3, 4, 5, 6], "value_inputs": ["large"]}, {"type": "filter_shape", "inputs": [1], "_output": [5], "value_inputs": ["sphere"]}, {"type": "unique", "inputs": [2], "_output": 5, "value_inputs": []}, {"type": "same_color", "inputs": [3], "_output": [2, 3], "value_inputs": []}, {"type": "count", "inputs": [4], "_output": 2, "value_inputs": []}], [{"type": "scene", "inputs": [], "_output": [0, 1, 2, 3, 4], "value_inputs": []}, {"type": "filter_size", "inputs": [0], "_output": [1, 2], "value_inputs": ["large"]}, {"type": "filter_shape", "inputs": [1], "_output": [2], "value_inputs": ["sphere"]}, {"type": "unique", "inputs": [2], "_output": 2, "value_inputs": []}, {"type": "same_color", "inputs": [3], "_output": [3], "value_inputs": []}, {"type": "count", "inputs": [4], "_output": 1, "value_inputs": []}], [{"type": "scene", "inputs": [], "_output": [0, 1, 2, 3, 4, 5], "value_inputs": []}, {"type": "filter_size", "inputs": [0], "_output": [1, 2, 3], "value_inputs": ["large"]}, {"type": "filter_shape", "inputs": [1], "_output": [2], "value_inputs": ["sphere"]}, {"type": "unique", "inputs": [2], "_output": 2, "value_inputs": []}, {"type": "same_color", "inputs": [3], "_output": [1], "value_inputs": []}, {"type": "count", "inputs": [4], "_output": 1, "value_inputs": []}], [{"type": "scene", "inputs": [], "_output": [0, 1, 2, 3, 4], "value_inputs": []}, {"type": "filter_size", "inputs": [0], "_output": [1], "value_inputs": ["large"]}, {"type": "filter_shape", "inputs": [1], "_output": [1], "value_inputs": ["sphere"]}, {"type": "unique", "inputs": [2], "_output": 1, "value_inputs": []}, {"type": "same_color", "inputs": [3], "_output": [], "value_inputs": []}, {"type": "count", "inputs": [4], "_output": 0, "value_inputs": []}], [{"type": "scene", "inputs": [], "_output": [0, 1, 2, 3, 4, 5], "value_inputs": []}, {"type": "filter_size", "inputs": [0], "_output": [3, 4, 5], "value_inputs": ["large"]}, {"type": "filter_shape", "inputs": [1], "_output": [5], "value_inputs": ["sphere"]}, {"type": "unique", "inputs": [2], "_output": 5, "value_inputs": []}, {"type": "same_color", "inputs": [3], "_output": [], "value_inputs": []}, {"type": "count", "inputs": [4], "_output": 0, "value_inputs": []}]]}, {"split": "train", "question": "What number of other things are the same color as the large cube?", "template_filename": "1_same_relate_restricted", "template_index": 1, "question_index": 5, "image_filenames": ["CLEVR_train_001335.png", "CLEVR_train_004469.png", "CLEVR_train_000552.png", "CLEVR_train_002572.png", "CLEVR_train_003126.png"], "image_indices": [1335, 4469, 552, 2572, 3126], "answers": [0, 0, 0, 1, 0], "program": [[{"type": "scene", "inputs": [], "_output": [0, 1, 2], "value_inputs": []}, {"type": "filter_size", "inputs": [0], "_output": [1, 2], "value_inputs": ["large"]}, {"type": "filter_shape", "inputs": [1], "_output": [2], "value_inputs": ["cube"]}, {"type": "unique", "inputs": [2], "_output": 2, "value_inputs": []}, {"type": "same_color", "inputs": [3], "_output": [], "value_inputs": []}, {"type": "count", "inputs": [4], "_output": 0, "value_inputs": []}], [{"type": "scene", "inputs": [], "_output": [0, 1, 2, 3, 4], "value_inputs": []}, {"type": "filter_size", "inputs": [0], "_output": [0, 1], "value_inputs": ["large"]}, {"type": "filter_shape", "inputs": [1], "_output": [1], "value_inputs": ["cube"]}, {"type": "unique", "inputs": [2], "_output": 1, "value_inputs": []}, {"type": "same_color", "inputs": [3], "_output": [], "value_inputs": []}, {"type": "count", "inputs": [4], "_output": 0, "value_inputs": []}], [{"type": "scene", "inputs": [], "_output": [0, 1, 2], "value_inputs": []}, {"type": "filter_size", "inputs": [0], "_output": [0, 1], "value_inputs": ["large"]}, {"type": "filter_shape", "inputs": [1], "_output": [1], "value_inputs": ["cube"]}, {"type": "unique", "inputs": [2], "_output": 1, "value_inputs": []}, {"type": "same_color", "inputs": [3], "_output": [], "value_inputs": []}, {"type": "count", "inputs": [4], "_output": 0, "value_inputs": []}], [{"type": "scene", "inputs": [], "_output": [0, 1, 2, 3, 4, 5, 6, 7, 8, 9], "value_inputs": []}, {"type": "filter_size", "inputs": [0], "_output": [0, 1, 3, 5, 7], "value_inputs": ["large"]}, {"type": "filter_shape", "inputs": [1], "_output": [5], "value_inputs": ["cube"]}, {"type": "unique", "inputs": [2], "_output": 5, "value_inputs": []}, {"type": "same_color", "inputs": [3], "_output": [4], "value_inputs": []}, {"type": "count", "inputs": [4], "_output": 1, "value_inputs": []}], [{"type": "scene", "inputs": [], "_output": [0, 1, 2, 3, 4], "value_inputs": []}, {"type": "filter_size", "inputs": [0], "_output": [1, 2], "value_inputs": ["large"]}, {"type": "filter_shape", "inputs": [1], "_output": [1], "value_inputs": ["cube"]}, {"type": "unique", "inputs": [2], "_output": 1, "value_inputs": []}, {"type": "same_color", "inputs": [3], "_output": [], "value_inputs": []}, {"type": "count", "inputs": [4], "_output": 0, "value_inputs": []}]]}, {"split": "train", "question": "What number of large spheres have the same material as the large yellow thing?", "template_filename": "1_same_relate_restricted", "template_index": 2, "question_index": 6, "image_filenames": ["CLEVR_train_003524.png", "CLEVR_train_004937.png", "CLEVR_train_000782.png", "CLEVR_train_002281.png", "CLEVR_train_003183.png"], "image_indices": [3524, 4937, 782, 2281, 3183], "answers": [2, 1, 0, 0, 1], "program": [[{"type": "scene", "inputs": [], "_output": [0, 1, 2, 3, 4, 5, 6, 7, 8, 9], "value_inputs": []}, {"type": "filter_size", "inputs": [0], "_output": [1, 3, 4, 5, 8], "value_inputs": ["large"]}, {"type": "filter_color", "inputs": [1], "_output": [4], "value_inputs": ["yellow"]}, {"type": "unique", "inputs": [2], "_output": 4, "value_inputs": []}, {"type": "same_material", "inputs": [3], "_output": [0, 1, 2, 3, 8], "value_inputs": []}, {"type": "filter_size", "inputs": [4], "_output": [1, 3, 8], "value_inputs": ["large"]}, {"type": "filter_shape", "inputs": [5], "_output": [1, 3], "value_inputs": ["sphere"]}, {"type": "count", "inputs": [6], "_output": 2, "value_inputs": []}], [{"type": "scene", "inputs": [], "_output": [0, 1, 2, 3, 4], "value_inputs": []}, {"type": "filter_size", "inputs": [0], "_output": [2, 3, 4], "value_inputs": ["large"]}, {"type": "filter_color", "inputs": [1], "_output": [2], "value_inputs": ["yellow"]}, {"type": "unique", "inputs": [2], "_output": 2, "value_inputs": []}, {"type": "same_material", "inputs": [3], "_output": [0, 1, 4], "value_inputs": []}, {"type": "filter_size", "inputs": [4], "_output": [4], "value_inputs": ["large"]}, {"type": "filter_shape", "inputs": [5], "_output": [4], "value_inputs": ["sphere"]}, {"type": "count", "inputs": [6], "_output": 1, "value_inputs": []}], [{"type": "scene", "inputs": [], "_output": [0, 1, 2, 3, 4, 5], "value_inputs": []}, {"type": "filter_size", "inputs": [0], "_output": [0, 1, 2, 3, 4, 5], "value_inputs": ["large"]}, {"type": "filter_color", "inputs": [1], "_output": [0], "value_inputs": ["yellow"]}, {"type": "unique", "inputs": [2], "_output": 0, "value_inputs": []}, {"type": "same_material", "inputs": [3], "_output": [4, 5], "value_inputs": []}, {"type": "filter_size", "inputs": [4], "_output": [4, 5], "value_inputs": ["large"]}, {"type": "filter_shape", "inputs": [5], "_output": [], "value_inputs": ["sphere"]}, {"type": "count", "inputs": [6], "_output": 0, "value_inputs": []}], [{"type": "scene", "inputs": [], "_output": [0, 1, 2, 3, 4, 5, 6, 7, 8, 9], "value_inputs": []}, {"type": "filter_size", "inputs": [0], "_output": [1, 2, 4, 5, 7], "value_inputs": ["large"]}, {"type": "filter_color", "inputs": [1], "_output": [1], "value_inputs": ["yellow"]}, {"type": "unique", "inputs": [2], "_output": 1, "value_inputs": []}, {"type": "same_material", "inputs": [3], "_output": [6, 8], "value_inputs": []}, {"type": "filter_size", "inputs": [4], "_output": [], "value_inputs": ["large"]}, {"type": "filter_shape", "inputs": [5], "_output": [], "value_inputs": ["sphere"]}, {"type": "count", "inputs": [6], "_output": 0, "value_inputs": []}], [{"type": "scene", "inputs": [], "_output": [0, 1, 2, 3, 4, 5, 6], "value_inputs": []}, {"type": "filter_size", "inputs": [0], "_output": [3, 4, 5, 6], "value_inputs": ["large"]}, {"type": "filter_color", "inputs": [1], "_output": [6], "value_inputs": ["yellow"]}, {"type": "unique", "inputs": [2], "_output": 6, "value_inputs": []}, {"type": "same_material", "inputs": [3], "_output": [2, 4], "value_inputs": []}, {"type": "filter_size", "inputs": [4], "_output": [4], "value_inputs": ["large"]}, {"type": "filter_shape", "inputs": [5], "_output": [4], "value_inputs": ["sphere"]}, {"type": "count", "inputs": [6], "_output": 1, "value_inputs": []}]]}, {"split": "train", "question": "How many other blue things have the same material as the large blue thing?", "template_filename": "1_same_relate_restricted", "template_index": 2, "question_index": 7, "image_filenames": ["CLEVR_train_001501.png", "CLEVR_train_002975.png", "CLEVR_train_000723.png", "CLEVR_train_001717.png", "CLEVR_train_004043.png"], "image_indices": [1501, 2975, 723, 1717, 4043], "answers": [1, 0, 1, 0, 0], "program": [[{"type": "scene", "inputs": [], "_output": [0, 1, 2, 3, 4, 5], "value_inputs": []}, {"type": "filter_size", "inputs": [0], "_output": [0, 1, 5], "value_inputs": ["large"]}, {"type": "filter_color", "inputs": [1], "_output": [1], "value_inputs": ["blue"]}, {"type": "unique", "inputs": [2], "_output": 1, "value_inputs": []}, {"type": "same_material", "inputs": [3], "_output": [0, 3, 5], "value_inputs": []}, {"type": "filter_color", "inputs": [4], "_output": [3], "value_inputs": ["blue"]}, {"type": "count", "inputs": [5], "_output": 1, "value_inputs": []}], [{"type": "scene", "inputs": [], "_output": [0, 1, 2, 3, 4, 5, 6, 7], "value_inputs": []}, {"type": "filter_size", "inputs": [0], "_output": [0, 1, 2, 3], "value_inputs": ["large"]}, {"type": "filter_color", "inputs": [1], "_output": [0], "value_inputs": ["blue"]}, {"type": "unique", "inputs": [2], "_output": 0, "value_inputs": []}, {"type": "same_material", "inputs": [3], "_output": [4, 5, 6], "value_inputs": []}, {"type": "filter_color", "inputs": [4], "_output": [], "value_inputs": ["blue"]}, {"type": "count", "inputs": [5], "_output": 0, "value_inputs": []}], [{"type": "scene", "inputs": [], "_output": [0, 1, 2, 3, 4, 5, 6, 7, 8, 9], "value_inputs": []}, {"type": "filter_size", "inputs": [0], "_output": [1, 5], "value_inputs": ["large"]}, {"type": "filter_color", "inputs": [1], "_output": [5], "value_inputs": ["blue"]}, {"type": "unique", "inputs": [2], "_output": 5, "value_inputs": []}, {"type": "same_material", "inputs": [3], "_output": [0, 1, 2, 6, 7, 9], "value_inputs": []}, {"type": "filter_color", "inputs": [4], "_output": [6], "value_inputs": ["blue"]}, {"type": "count", "inputs": [5], "_output": 1, "value_inputs": []}], [{"type": "scene", "inputs": [], "_output": [0, 1, 2, 3, 4], "value_inputs": []}, {"type": "filter_size", "inputs": [0], "_output": [1, 2, 3], "value_inputs": ["large"]}, {"type": "filter_color", "inputs": [1], "_output": [2], "value_inputs": ["blue"]}, {"type": "unique", "inputs": [2], "_output": 2, "value_inputs": []}, {"type": "same_material", "inputs": [3], "_output": [0, 1, 3], "value_inputs": []}, {"type": "filter_color", "inputs": [4], "_output": [], "value_inputs": ["blue"]}, {"type": "count", "inputs": [5], "_output": 0, "value_inputs": []}], [{"type": "scene", "inputs": [], "_output": [0, 1, 2, 3, 4, 5, 6, 7], "value_inputs": []}, {"type": "filter_size", "inputs": [0], "_output": [0, 7], "value_inputs": ["large"]}, {"type": "filter_color", "inputs": [1], "_output": [7], "value_inputs": ["blue"]}, {"type": "unique", "inputs": [2], "_output": 7, "value_inputs": []}, {"type": "same_material", "inputs": [3], "_output": [0, 1, 6], "value_inputs": []}, {"type": "filter_color", "inputs": [4], "_output": [], "value_inputs": ["blue"]}, {"type": "count", "inputs": [5], "_output": 0, "value_inputs": []}]]}, {"split": "train", "question": "What number of large cubes have the same material as the cylinder?", "template_filename": "1_same_relate_restricted", "template_index": 2, "question_index": 8, "image_filenames": ["CLEVR_train_001717.png", "CLEVR_train_001317.png", "CLEVR_train_000782.png", "CLEVR_train_003183.png", "CLEVR_train_000949.png"], "image_indices": [1717, 1317, 782, 3183, 949], "answers": [1, 1, 2, 1, 0], "program": [[{"type": "scene", "inputs": [], "_output": [0, 1, 2, 3, 4], "value_inputs": []}, {"type": "filter_shape", "inputs": [0], "_output": [2], "value_inputs": ["cylinder"]}, {"type": "unique", "inputs": [1], "_output": 2, "value_inputs": []}, {"type": "same_material", "inputs": [2], "_output": [0, 1, 3], "value_inputs": []}, {"type": "filter_size", "inputs": [3], "_output": [1, 3], "value_inputs": ["large"]}, {"type": "filter_shape", "inputs": [4], "_output": [1], "value_inputs": ["cube"]}, {"type": "count", "inputs": [5], "_output": 1, "value_inputs": []}], [{"type": "scene", "inputs": [], "_output": [0, 1, 2, 3], "value_inputs": []}, {"type": "filter_shape", "inputs": [0], "_output": [2], "value_inputs": ["cylinder"]}, {"type": "unique", "inputs": [1], "_output": 2, "value_inputs": []}, {"type": "same_material", "inputs": [2], "_output": [3], "value_inputs": []}, {"type": "filter_size", "inputs": [3], "_output": [3], "value_inputs": ["large"]}, {"type": "filter_shape", "inputs": [4], "_output": [3], "value_inputs": ["cube"]}, {"type": "count", "inputs": [5], "_output": 1, "value_inputs": []}], [{"type": "scene", "inputs": [], "_output": [0, 1, 2, 3, 4, 5], "value_inputs": []}, {"type": "filter_shape", "inputs": [0], "_output": [5], "value_inputs": ["cylinder"]}, {"type": "unique", "inputs": [1], "_output": 5, "value_inputs": []}, {"type": "same_material", "inputs": [2], "_output": [0, 4], "value_inputs": []}, {"type": "filter_size", "inputs": [3], "_output": [0, 4], "value_inputs": ["large"]}, {"type": "filter_shape", "inputs": [4], "_output": [0, 4], "value_inputs": ["cube"]}, {"type": "count", "inputs": [5], "_output": 2, "value_inputs": []}], [{"type": "scene", "inputs": [], "_output": [0, 1, 2, 3, 4, 5, 6], "value_inputs": []}, {"type": "filter_shape", "inputs": [0], "_output": [3], "value_inputs": ["cylinder"]}, {"type": "unique", "inputs": [1], "_output": 3, "value_inputs": []}, {"type": "same_material", "inputs": [2], "_output": [0, 1, 5], "value_inputs": []}, {"type": "filter_size", "inputs": [3], "_output": [5], "value_inputs": ["large"]}, {"type": "filter_shape", "inputs": [4], "_output": [5], "value_inputs": ["cube"]}, {"type": "count", "inputs": [5], "_output": 1, "value_inputs": []}], [{"type": "scene", "inputs": [], "_output": [0, 1, 2, 3], "value_inputs": []}, {"type": "filter_shape", "inputs": [0], "_output": [0], "value_inputs": ["cylinder"]}, {"type": "unique", "inputs": [1], "_output": 0, "value_inputs": []}, {"type": "same_material", "inputs": [2], "_output": [1, 2], "value_inputs": []}, {"type": "filter_size", "inputs": [3], "_output": [], "value_inputs": ["large"]}, {"type": "filter_shape", "inputs": [4], "_output": [], "value_inputs": ["cube"]}, {"type": "count", "inputs": [5], "_output": 0, "value_inputs": []}]]}, {"split": "train", "question": "How many other small yellow things are the same shape as the small yellow metal thing?", "template_filename": "1_same_relate_restricted", "template_index": 3, "question_index": 9, "image_filenames": ["CLEVR_train_001236.png", "CLEVR_train_000186.png", "CLEVR_train_003864.png", "CLEVR_train_001878.png", "CLEVR_train_003308.png"], "image_indices": [1236, 186, 3864, 1878, 3308], "answers": [0, 1, 0, 0, 0], "program": [[{"type": "scene", "inputs": [], "_output": [0, 1, 2, 3], "value_inputs": []}, {"type": "filter_size", "inputs": [0], "_output": [0, 2], "value_inputs": ["small"]}, {"type": "filter_color", "inputs": [1], "_output": [0], "value_inputs": ["yellow"]}, {"type": "filter_material", "inputs": [2], "_output": [0], "value_inputs": ["metal"]}, {"type": "unique", "inputs": [3], "_output": 0, "value_inputs": []}, {"type": "same_shape", "inputs": [4], "_output": [], "value_inputs": []}, {"type": "filter_size", "inputs": [5], "_output": [], "value_inputs": ["small"]}, {"type": "filter_color", "inputs": [6], "_output": [], "value_inputs": ["yellow"]}, {"type": "count", "inputs": [7], "_output": 0, "value_inputs": []}], [{"type": "scene", "inputs": [], "_output": [0, 1, 2, 3, 4, 5, 6], "value_inputs": []}, {"type": "filter_size", "inputs": [0], "_output": [0, 4, 5, 6], "value_inputs": ["small"]}, {"type": "filter_color", "inputs": [1], "_output": [4, 5], "value_inputs": ["yellow"]}, {"type": "filter_material", "inputs": [2], "_output": [5], "value_inputs": ["metal"]}, {"type": "unique", "inputs": [3], "_output": 5, "value_inputs": []}, {"type": "same_shape", "inputs": [4], "_output": [1, 4], "value_inputs": []}, {"type": "filter_size", "inputs": [5], "_output": [4], "value_inputs": ["small"]}, {"type": "filter_color", "inputs": [6], "_output": [4], "value_inputs": ["yellow"]}, {"type": "count", "inputs": [7], "_output": 1, "value_inputs": []}], [{"type": "scene", "inputs": [], "_output": [0, 1, 2, 3, 4, 5, 6, 7], "value_inputs": []}, {"type": "filter_size", "inputs": [0], "_output": [1, 2, 6], "value_inputs": ["small"]}, {"type": "filter_color", "inputs": [1], "_output": [2], "value_inputs": ["yellow"]}, {"type": "filter_material", "inputs": [2], "_output": [2], "value_inputs": ["metal"]}, {"type": "unique", "inputs": [3], "_output": 2, "value_inputs": []}, {"type": "same_shape", "inputs": [4], "_output": [0, 4, 5, 6, 7], "value_inputs": []}, {"type": "filter_size", "inputs": [5], "_output": [6], "value_inputs": ["small"]}, {"type": "filter_color", "inputs": [6], "_output": [], "value_inputs": ["yellow"]}, {"type": "count", "inputs": [7], "_output": 0, "value_inputs": []}], [{"type": "scene", "inputs": [], "_output": [0, 1, 2, 3, 4, 5, 6, 7], "value_inputs": []}, {"type": "filter_size", "inputs": [0], "_output": [1, 2, 3, 6], "value_inputs": ["small"]}, {"type": "filter_color", "inputs": [1], "_output": [1], "value_inputs": ["yellow"]}, {"type": "filter_material", "inputs": [2], "_output": [1], "value_inputs": ["metal"]}, {"type": "unique", "inputs": [3], "_output": 1, "value_inputs": []}, {"type": "same_shape", "inputs": [4], "_output": [3, 6], "value_inputs": []}, {"type": "filter_size", "inputs": [5], "_output": [3, 6], "value_inputs": ["small"]}, {"type": "filter_color", "inputs": [6], "_output": [], "value_inputs": ["yellow"]}, {"type": "count", "inputs": [7], "_output": 0, "value_inputs": []}], [{"type": "scene", "inputs": [], "_output": [0, 1, 2, 3, 4, 5], "value_inputs": []}, {"type": "filter_size", "inputs": [0], "_output": [3, 4], "value_inputs": ["small"]}, {"type": "filter_color", "inputs": [1], "_output": [4], "value_inputs": ["yellow"]}, {"type": "filter_material", "inputs": [2], "_output": [4], "value_inputs": ["metal"]}, {"type": "unique", "inputs": [3], "_output": 4, "value_inputs": []}, {"type": "same_shape", "inputs": [4], "_output": [1, 5], "value_inputs": []}, {"type": "filter_size", "inputs": [5], "_output": [], "value_inputs": ["small"]}, {"type": "filter_color", "inputs": [6], "_output": [], "value_inputs": ["yellow"]}, {"type": "count", "inputs": [7], "_output": 0, "value_inputs": []}]]}, {"split": "train", "question": "How many other small metal things have the same shape as the small green thing?", "template_filename": "1_same_relate_restricted", "template_index": 3, "question_index": 10, "image_filenames": ["CLEVR_train_001313.png", "CLEVR_train_004965.png", "CLEVR_train_003468.png", "CLEVR_train_001878.png", "CLEVR_train_004716.png"], "image_indices": [1313, 4965, 3468, 1878, 4716], "answers": [0, 1, 1, 0, 1], "program": [[{"type": "scene", "inputs": [], "_output": [0, 1, 2, 3, 4, 5, 6, 7, 8, 9], "value_inputs": []}, {"type": "filter_size", "inputs": [0], "_output": [2, 3, 4, 5, 6, 7, 9], "value_inputs": ["small"]}, {"type": "filter_color", "inputs": [1], "_output": [5], "value_inputs": ["green"]}, {"type": "unique", "inputs": [2], "_output": 5, "value_inputs": []}, {"type": "same_shape", "inputs": [3], "_output": [2], "value_inputs": []}, {"type": "filter_size", "inputs": [4], "_output": [2], "value_inputs": ["small"]}, {"type": "filter_material", "inputs": [5], "_output": [], "value_inputs": ["metal"]}, {"type": "count", "inputs": [6], "_output": 0, "value_inputs": []}], [{"type": "scene", "inputs": [], "_output": [0, 1, 2, 3, 4], "value_inputs": []}, {"type": "filter_size", "inputs": [0], "_output": [0, 1, 2, 3, 4], "value_inputs": ["small"]}, {"type": "filter_color", "inputs": [1], "_output": [4], "value_inputs": ["green"]}, {"type": "unique", "inputs": [2], "_output": 4, "value_inputs": []}, {"type": "same_shape", "inputs": [3], "_output": [2], "value_inputs": []}, {"type": "filter_size", "inputs": [4], "_output": [2], "value_inputs": ["small"]}, {"type": "filter_material", "inputs": [5], "_output": [2], "value_inputs": ["metal"]}, {"type": "count", "inputs": [6], "_output": 1, "value_inputs": []}], [{"type": "scene", "inputs": [], "_output": [0, 1, 2, 3, 4, 5, 6, 7], "value_inputs": []}, {"type": "filter_size", "inputs": [0], "_output": [1, 2, 6, 7], "value_inputs": ["small"]}, {"type": "filter_color", "inputs": [1], "_output": [2], "value_inputs": ["green"]}, {"type": "unique", "inputs": [2], "_output": 2, "value_inputs": []}, {"type": "same_shape", "inputs": [3], "_output": [0, 1, 6], "value_inputs": []}, {"type": "filter_size", "inputs": [4], "_output": [1, 6], "value_inputs": ["small"]}, {"type": "filter_material", "inputs": [5], "_output": [6], "value_inputs": ["metal"]}, {"type": "count", "inputs": [6], "_output": 1, "value_inputs": []}], [{"type": "scene", "inputs": [], "_output": [0, 1, 2, 3, 4, 5, 6, 7], "value_inputs": []}, {"type": "filter_size", "inputs": [0], "_output": [1, 2, 3, 6], "value_inputs": ["small"]}, {"type": "filter_color", "inputs": [1], "_output": [2], "value_inputs": ["green"]}, {"type": "unique", "inputs": [2], "_output": 2, "value_inputs": []}, {"type": "same_shape", "inputs": [3], "_output": [4], "value_inputs": []}, {"type": "filter_size", "inputs": [4], "_output": [], "value_inputs": ["small"]}, {"type": "filter_material", "inputs": [5], "_output": [], "value_inputs": ["metal"]}, {"type": "count", "inputs": [6], "_output": 0, "value_inputs": []}], [{"type": "scene", "inputs": [], "_output": [0, 1, 2, 3, 4, 5, 6, 7, 8, 9], "value_inputs": []}, {"type": "filter_size", "inputs": [0], "_output": [0, 2, 3, 4, 7, 8], "value_inputs": ["small"]}, {"type": "filter_color", "inputs": [1], "_output": [8], "value_inputs": ["green"]}, {"type": "unique", "inputs": [2], "_output": 8, "value_inputs": []}, {"type": "same_shape", "inputs": [3], "_output": [1, 3, 7, 9], "value_inputs": []}, {"type": "filter_size", "inputs": [4], "_output": [3, 7], "value_inputs": ["small"]}, {"type": "filter_material", "inputs": [5], "_output": [3], "value_inputs": ["metal"]}, {"type": "count", "inputs": [6], "_output": 1, "value_inputs": []}]]}, {"split": "train", "question": "How many other rubber things are the same shape as the small yellow thing?", "template_filename": "1_same_relate_restricted", "template_index": 3, "question_index": 11, "image_filenames": ["CLEVR_train_001846.png", "CLEVR_train_000502.png", "CLEVR_train_003864.png", "CLEVR_train_001878.png", "CLEVR_train_001737.png"], "image_indices": [1846, 502, 3864, 1878, 1737], "answers": [1, 3, 5, 1, 2], "program": [[{"type": "scene", "inputs": [], "_output": [0, 1, 2, 3], "value_inputs": []}, {"type": "filter_size", "inputs": [0], "_output": [2, 3], "value_inputs": ["small"]}, {"type": "filter_color", "inputs": [1], "_output": [2], "value_inputs": ["yellow"]}, {"type": "unique", "inputs": [2], "_output": 2, "value_inputs": []}, {"type": "same_shape", "inputs": [3], "_output": [3], "value_inputs": []}, {"type": "filter_material", "inputs": [4], "_output": [3], "value_inputs": ["rubber"]}, {"type": "count", "inputs": [5], "_output": 1, "value_inputs": []}], [{"type": "scene", "inputs": [], "_output": [0, 1, 2, 3, 4, 5, 6, 7, 8, 9], "value_inputs": []}, {"type": "filter_size", "inputs": [0], "_output": [1, 4, 5, 6, 8], "value_inputs": ["small"]}, {"type": "filter_color", "inputs": [1], "_output": [4], "value_inputs": ["yellow"]}, {"type": "unique", "inputs": [2], "_output": 4, "value_inputs": []}, {"type": "same_shape", "inputs": [3], "_output": [0, 1, 2, 6, 9], "value_inputs": []}, {"type": "filter_material", "inputs": [4], "_output": [0, 1, 6], "value_inputs": ["rubber"]}, {"type": "count", "inputs": [5], "_output": 3, "value_inputs": []}], [{"type": "scene", "inputs": [], "_output": [0, 1, 2, 3, 4, 5, 6, 7], "value_inputs": []}, {"type": "filter_size", "inputs": [0], "_output": [1, 2, 6], "value_inputs": ["small"]}, {"type": "filter_color", "inputs": [1], "_output": [2], "value_inputs": ["yellow"]}, {"type": "unique", "inputs": [2], "_output": 2, "value_inputs": []}, {"type": "same_shape", "inputs": [3], "_output": [0, 4, 5, 6, 7], "value_inputs": []}, {"type": "filter_material", "inputs": [4], "_output": [0, 4, 5, 6, 7], "value_inputs": ["rubber"]}, {"type": "count", "inputs": [5], "_output": 5, "value_inputs": []}], [{"type": "scene", "inputs": [], "_output": [0, 1, 2, 3, 4, 5, 6, 7], "value_inputs": []}, {"type": "filter_size", "inputs": [0], "_output": [1, 2, 3, 6], "value_inputs": ["small"]}, {"type": "filter_color", "inputs": [1], "_output": [1], "value_inputs": ["yellow"]}, {"type": "unique", "inputs": [2], "_output": 1, "value_inputs": []}, {"type": "same_shape", "inputs": [3], "_output": [3, 6], "value_inputs": []}, {"type": "filter_material", "inputs": [4], "_output": [3], "value_inputs": ["rubber"]}, {"type": "count", "inputs": [5], "_output": 1, "value_inputs": []}], [{"type": "scene", "inputs": [], "_output": [0, 1, 2, 3, 4, 5, 6, 7, 8, 9], "value_inputs": []}, {"type": "filter_size", "inputs": [0], "_output": [0, 5, 6, 7, 8], "value_inputs": ["small"]}, {"type": "filter_color", "inputs": [1], "_output": [7], "value_inputs": ["yellow"]}, {"type": "unique", "inputs": [2], "_output": 7, "value_inputs": []}, {"type": "same_shape", "inputs": [3], "_output": [5, 6, 9], "value_inputs": []}, {"type": "filter_material", "inputs": [4], "_output": [5, 6], "value_inputs": ["rubber"]}, {"type": "count", "inputs": [5], "_output": 2, "value_inputs": []}]]}, {"split": "train", "question": "There is a gray rubber thing that is the same size as the brown rubber thing; what shape is it?", "template_filename": "1_same_relate_restricted", "template_index": 4, "question_index": 12, "image_filenames": ["CLEVR_train_002003.png", "CLEVR_train_000597.png", "CLEVR_train_004760.png", "CLEVR_train_004592.png", "CLEVR_train_003634.png"], "image_indices": [2003, 597, 4760, 4592, 3634], "answers": ["cube", "cube", "cylinder", "sphere", "cube"], "program": [[{"type": "scene", "inputs": [], "_output": [0, 1, 2, 3, 4, 5, 6], "value_inputs": []}, {"type": "filter_color", "inputs": [0], "_output": [1, 3], "value_inputs": ["brown"]}, {"type": "filter_material", "inputs": [1], "_output": [3], "value_inputs": ["rubber"]}, {"type": "unique", "inputs": [2], "_output": 3, "value_inputs": []}, {"type": "same_size", "inputs": [3], "_output": [0, 4], "value_inputs": []}, {"type": "filter_color", "inputs": [4], "_output": [0], "value_inputs": ["gray"]}, {"type": "filter_material", "inputs": [5], "_output": [0], "value_inputs": ["rubber"]}, {"type": "unique", "inputs": [6], "_output": 0, "value_inputs": []}, {"type": "query_shape", "inputs": [7], "_output": "cube", "value_inputs": []}], [{"type": "scene", "inputs": [], "_output": [0, 1, 2, 3, 4, 5, 6, 7], "value_inputs": []}, {"type": "filter_color", "inputs": [0], "_output": [4, 6], "value_inputs": ["brown"]}, {"type": "filter_material", "inputs": [1], "_output": [4], "value_inputs": ["rubber"]}, {"type": "unique", "inputs": [2], "_output": 4, "value_inputs": []}, {"type": "same_size", "inputs": [3], "_output": [0, 1, 2, 3, 6, 7], "value_inputs": []}, {"type": "filter_color", "inputs": [4], "_output": [2, 7], "value_inputs": ["gray"]}, {"type": "filter_material", "inputs": [5], "_output": [7], "value_inputs": ["rubber"]}, {"type": "unique", "inputs": [6], "_output": 7, "value_inputs": []}, {"type": "query_shape", "inputs": [7], "_output": "cube", "value_inputs": []}], [{"type": "scene", "inputs": [], "_output": [0, 1, 2, 3, 4, 5, 6, 7, 8], "value_inputs": []}, {"type": "filter_color", "inputs": [0], "_output": [5], "value_inputs": ["brown"]}, {"type": "filter_material", "inputs": [1], "_output": [5], "value_inputs": ["rubber"]}, {"type": "unique", "inputs": [2], "_output": 5, "value_inputs": []}, {"type": "same_size", "inputs": [3], "_output": [1, 3, 4, 7], "value_inputs": []}, {"type": "filter_color", "inputs": [4], "_output": [7], "value_inputs": ["gray"]}, {"type": "filter_material", "inputs": [5], "_output": [7], "value_inputs": ["rubber"]}, {"type": "unique", "inputs": [6], "_output": 7, "value_inputs": []}, {"type": "query_shape", "inputs": [7], "_output": "cylinder", "value_inputs": []}], [{"type": "scene", "inputs": [], "_output": [0, 1, 2, 3, 4, 5], "value_inputs": []}, {"type": "filter_color", "inputs": [0], "_output": [4], "value_inputs": ["brown"]}, {"type": "filter_material", "inputs": [1], "_output": [4], "value_inputs": ["rubber"]}, {"type": "unique", "inputs": [2], "_output": 4, "value_inputs": []}, {"type": "same_size", "inputs": [3], "_output": [1, 3], "value_inputs": []}, {"type": "filter_color", "inputs": [4], "_output": [1], "value_inputs": ["gray"]}, {"type": "filter_material", "inputs": [5], "_output": [1], "value_inputs": ["rubber"]}, {"type": "unique", "inputs": [6], "_output": 1, "value_inputs": []}, {"type": "query_shape", "inputs": [7], "_output": "sphere", "value_inputs": []}], [{"type": "scene", "inputs": [], "_output": [0, 1, 2, 3, 4], "value_inputs": []}, {"type": "filter_color", "inputs": [0], "_output": [3, 4], "value_inputs": ["brown"]}, {"type": "filter_material", "inputs": [1], "_output": [3], "value_inputs": ["rubber"]}, {"type": "unique", "inputs": [2], "_output": 3, "value_inputs": []}, {"type": "same_size", "inputs": [3], "_output": [2, 4], "value_inputs": []}, {"type": "filter_color", "inputs": [4], "_output": [2], "value_inputs": ["gray"]}, {"type": "filter_material", "inputs": [5], "_output": [2], "value_inputs": ["rubber"]}, {"type": "unique", "inputs": [6], "_output": 2, "value_inputs": []}, {"type": "query_shape", "inputs": [7], "_output": "cube", "value_inputs": []}]]}, {"split": "train", "question": "There is a rubber thing that is the same size as the green metal thing; what is its shape?", "template_filename": "1_same_relate_restricted", "template_index": 4, "question_index": 13, "image_filenames": ["CLEVR_train_000661.png", "CLEVR_train_004648.png", "CLEVR_train_002410.png", "CLEVR_train_002560.png", "CLEVR_train_004860.png"], "image_indices": [661, 4648, 2410, 2560, 4860], "answers": ["cube", "sphere", "cylinder", "cube", "cube"], "program": [[{"type": "scene", "inputs": [], "_output": [0, 1, 2, 3, 4, 5, 6], "value_inputs": []}, {"type": "filter_color", "inputs": [0], "_output": [0, 6], "value_inputs": ["green"]}, {"type": "filter_material", "inputs": [1], "_output": [6], "value_inputs": ["metal"]}, {"type": "unique", "inputs": [2], "_output": 6, "value_inputs": []}, {"type": "same_size", "inputs": [3], "_output": [0, 1, 3, 5], "value_inputs": []}, {"type": "filter_material", "inputs": [4], "_output": [0], "value_inputs": ["rubber"]}, {"type": "unique", "inputs": [5], "_output": 0, "value_inputs": []}, {"type": "query_shape", "inputs": [6], "_output": "cube", "value_inputs": []}], [{"type": "scene", "inputs": [], "_output": [0, 1, 2, 3, 4], "value_inputs": []}, {"type": "filter_color", "inputs": [0], "_output": [0], "value_inputs": ["green"]}, {"type": "filter_material", "inputs": [1], "_output": [0], "value_inputs": ["metal"]}, {"type": "unique", "inputs": [2], "_output": 0, "value_inputs": []}, {"type": "same_size", "inputs": [3], "_output": [1, 3], "value_inputs": []}, {"type": "filter_material", "inputs": [4], "_output": [1], "value_inputs": ["rubber"]}, {"type": "unique", "inputs": [5], "_output": 1, "value_inputs": []}, {"type": "query_shape", "inputs": [6], "_output": "sphere", "value_inputs": []}], [{"type": "scene", "inputs": [], "_output": [0, 1, 2, 3, 4, 5], "value_inputs": []}, {"type": "filter_color", "inputs": [0], "_output": [5], "value_inputs": ["green"]}, {"type": "filter_material", "inputs": [1], "_output": [5], "value_inputs": ["metal"]}, {"type": "unique", "inputs": [2], "_output": 5, "value_inputs": []}, {"type": "same_size", "inputs": [3], "_output": [0, 4], "value_inputs": []}, {"type": "filter_material", "inputs": [4], "_output": [0], "value_inputs": ["rubber"]}, {"type": "unique", "inputs": [5], "_output": 0, "value_inputs": []}, {"type": "query_shape", "inputs": [6], "_output": "cylinder", "value_inputs": []}], [{"type": "scene", "inputs": [], "_output": [0, 1, 2, 3, 4, 5, 6], "value_inputs": []}, {"type": "filter_color", "inputs": [0], "_output": [0, 4], "value_inputs": ["green"]}, {"type": "filter_material", "inputs": [1], "_output": [0], "value_inputs": ["metal"]}, {"type": "unique", "inputs": [2], "_output": 0, "value_inputs": []}, {"type": "same_size", "inputs": [3], "_output": [5], "value_inputs": []}, {"type": "filter_material", "inputs": [4], "_output": [5], "value_inputs": ["rubber"]}, {"type": "unique", "inputs": [5], "_output": 5, "value_inputs": []}, {"type": "query_shape", "inputs": [6], "_output": "cube", "value_inputs": []}], [{"type": "scene", "inputs": [], "_output": [0, 1, 2, 3, 4, 5], "value_inputs": []}, {"type": "filter_color", "inputs": [0], "_output": [3], "value_inputs": ["green"]}, {"type": "filter_material", "inputs": [1], "_output": [3], "value_inputs": ["metal"]}, {"type": "unique", "inputs": [2], "_output": 3, "value_inputs": []}, {"type": "same_size", "inputs": [3], "_output": [2, 5], "value_inputs": []}, {"type": "filter_material", "inputs": [4], "_output": [5], "value_inputs": ["rubber"]}, {"type": "unique", "inputs": [5], "_output": 5, "value_inputs": []}, {"type": "query_shape", "inputs": [6], "_output": "cube", "value_inputs": []}]]}, {"split": "train", "question": "There is a red thing that is the same size as the metal cylinder; what shape is it?", "template_filename": "1_same_relate_restricted", "template_index": 4, "question_index": 14, "image_filenames": ["CLEVR_train_000930.png", "CLEVR_train_004760.png", "CLEVR_train_004380.png", "CLEVR_train_004074.png", "CLEVR_train_003391.png"], "image_indices": [930, 4760, 4380, 4074, 3391], "answers": ["cube", "sphere", "sphere", "cube", "cylinder"], "program": [[{"type": "scene", "inputs": [], "_output": [0, 1, 2, 3], "value_inputs": []}, {"type": "filter_material", "inputs": [0], "_output": [0, 1, 2, 3], "value_inputs": ["metal"]}, {"type": "filter_shape", "inputs": [1], "_output": [2], "value_inputs": ["cylinder"]}, {"type": "unique", "inputs": [2], "_output": 2, "value_inputs": []}, {"type": "same_size", "inputs": [3], "_output": [0, 1], "value_inputs": []}, {"type": "filter_color", "inputs": [4], "_output": [0], "value_inputs": ["red"]}, {"type": "unique", "inputs": [5], "_output": 0, "value_inputs": []}, {"type": "query_shape", "inputs": [6], "_output": "cube", "value_inputs": []}], [{"type": "scene", "inputs": [], "_output": [0, 1, 2, 3, 4, 5, 6, 7, 8], "value_inputs": []}, {"type": "filter_material", "inputs": [0], "_output": [0, 1, 3, 4, 6, 8], "value_inputs": ["metal"]}, {"type": "filter_shape", "inputs": [1], "_output": [0], "value_inputs": ["cylinder"]}, {"type": "unique", "inputs": [2], "_output": 0, "value_inputs": []}, {"type": "same_size", "inputs": [3], "_output": [2, 6, 8], "value_inputs": []}, {"type": "filter_color", "inputs": [4], "_output": [6], "value_inputs": ["red"]}, {"type": "unique", "inputs": [5], "_output": 6, "value_inputs": []}, {"type": "query_shape", "inputs": [6], "_output": "sphere", "value_inputs": []}], [{"type": "scene", "inputs": [], "_output": [0, 1, 2, 3, 4, 5, 6], "value_inputs": []}, {"type": "filter_material", "inputs": [0], "_output": [0, 1, 2], "value_inputs": ["metal"]}, {"type": "filter_shape", "inputs": [1], "_output": [0], "value_inputs": ["cylinder"]}, {"type": "unique", "inputs": [2], "_output": 0, "value_inputs": []}, {"type": "same_size", "inputs": [3], "_output": [1, 2, 3], "value_inputs": []}, {"type": "filter_color", "inputs": [4], "_output": [3], "value_inputs": ["red"]}, {"type": "unique", "inputs": [5], "_output": 3, "value_inputs": []}, {"type": "query_shape", "inputs": [6], "_output": "sphere", "value_inputs": []}], [{"type": "scene", "inputs": [], "_output": [0, 1, 2, 3, 4, 5], "value_inputs": []}, {"type": "filter_material", "inputs": [0], "_output": [3, 5], "value_inputs": ["metal"]}, {"type": "filter_shape", "inputs": [1], "_output": [5], "value_inputs": ["cylinder"]}, {"type": "unique", "inputs": [2], "_output": 5, "value_inputs": []}, {"type": "same_size", "inputs": [3], "_output": [0, 3], "value_inputs": []}, {"type": "filter_color", "inputs": [4], "_output": [0], "value_inputs": ["red"]}, {"type": "unique", "inputs": [5], "_output": 0, "value_inputs": []}, {"type": "query_shape", "inputs": [6], "_output": "cube", "value_inputs": []}], [{"type": "scene", "inputs": [], "_output": [0, 1, 2, 3, 4, 5, 6, 7, 8], "value_inputs": []}, {"type": "filter_material", "inputs": [0], "_output": [2, 4], "value_inputs": ["metal"]}, {"type": "filter_shape", "inputs": [1], "_output": [2], "value_inputs": ["cylinder"]}, {"type": "unique", "inputs": [2], "_output": 2, "value_inputs": []}, {"type": "same_size", "inputs": [3], "_output": [0, 1, 6, 7], "value_inputs": []}, {"type": "filter_color", "inputs": [4], "_output": [0], "value_inputs": ["red"]}, {"type": "unique", "inputs": [5], "_output": 0, "value_inputs": []}, {"type": "query_shape", "inputs": [6], "_output": "cylinder", "value_inputs": []}]]}, {"split": "train", "question": "What is the material of the cylinder that is the same color as the rubber cube?", "template_filename": "1_same_relate_restricted", "template_index": 5, "question_index": 15, "image_filenames": ["CLEVR_train_002584.png", "CLEVR_train_000960.png", "CLEVR_train_004644.png", "CLEVR_train_002518.png", "CLEVR_train_002440.png"], "image_indices": [2584, 960, 4644, 2518, 2440], "answers": ["rubber", "metal", "rubber", "rubber", "metal"], "program": [[{"type": "scene", "inputs": [], "_output": [0, 1, 2, 3, 4, 5, 6], "value_inputs": []}, {"type": "filter_material", "inputs": [0], "_output": [2, 4, 5], "value_inputs": ["rubber"]}, {"type": "filter_shape", "inputs": [1], "_output": [5], "value_inputs": ["cube"]}, {"type": "unique", "inputs": [2], "_output": 5, "value_inputs": []}, {"type": "same_color", "inputs": [3], "_output": [2], "value_inputs": []}, {"type": "filter_shape", "inputs": [4], "_output": [2], "value_inputs": ["cylinder"]}, {"type": "unique", "inputs": [5], "_output": 2, "value_inputs": []}, {"type": "query_material", "inputs": [6], "_output": "rubber", "value_inputs": []}], [{"type": "scene", "inputs": [], "_output": [0, 1, 2, 3, 4, 5, 6, 7], "value_inputs": []}, {"type": "filter_material", "inputs": [0], "_output": [0, 4], "value_inputs": ["rubber"]}, {"type": "filter_shape", "inputs": [1], "_output": [0], "value_inputs": ["cube"]}, {"type": "unique", "inputs": [2], "_output": 0, "value_inputs": []}, {"type": "same_color", "inputs": [3], "_output": [2], "value_inputs": []}, {"type": "filter_shape", "inputs": [4], "_output": [2], "value_inputs": ["cylinder"]}, {"type": "unique", "inputs": [5], "_output": 2, "value_inputs": []}, {"type": "query_material", "inputs": [6], "_output": "metal", "value_inputs": []}], [{"type": "scene", "inputs": [], "_output": [0, 1, 2, 3, 4, 5, 6, 7], "value_inputs": []}, {"type": "filter_material", "inputs": [0], "_output": [3, 4, 5, 6, 7], "value_inputs": ["rubber"]}, {"type": "filter_shape", "inputs": [1], "_output": [5], "value_inputs": ["cube"]}, {"type": "unique", "inputs": [2], "_output": 5, "value_inputs": []}, {"type": "same_color", "inputs": [3], "_output": [3, 4, 7], "value_inputs": []}, {"type": "filter_shape", "inputs": [4], "_output": [3], "value_inputs": ["cylinder"]}, {"type": "unique", "inputs": [5], "_output": 3, "value_inputs": []}, {"type": "query_material", "inputs": [6], "_output": "rubber", "value_inputs": []}], [{"type": "scene", "inputs": [], "_output": [0, 1, 2, 3], "value_inputs": []}, {"type": "filter_material", "inputs": [0], "_output": [1, 2], "value_inputs": ["rubber"]}, {"type": "filter_shape", "inputs": [1], "_output": [2], "value_inputs": ["cube"]}, {"type": "unique", "inputs": [2], "_output": 2, "value_inputs": []}, {"type": "same_color", "inputs": [3], "_output": [1], "value_inputs": []}, {"type": "filter_shape", "inputs": [4], "_output": [1], "value_inputs": ["cylinder"]}, {"type": "unique", "inputs": [5], "_output": 1, "value_inputs": []}, {"type": "query_material", "inputs": [6], "_output": "rubber", "value_inputs": []}], [{"type": "scene", "inputs": [], "_output": [0, 1, 2, 3, 4, 5, 6, 7], "value_inputs": []}, {"type": "filter_material", "inputs": [0], "_output": [1, 2, 4, 7], "value_inputs": ["rubber"]}, {"type": "filter_shape", "inputs": [1], "_output": [2], "value_inputs": ["cube"]}, {"type": "unique", "inputs": [2], "_output": 2, "value_inputs": []}, {"type": "same_color", "inputs": [3], "_output": [3, 5], "value_inputs": []}, {"type": "filter_shape", "inputs": [4], "_output": [3], "value_inputs": ["cylinder"]}, {"type": "unique", "inputs": [5], "_output": 3, "value_inputs": []}, {"type": "query_material", "inputs": [6], "_output": "metal", "value_inputs": []}]]}, {"split": "train", "question": "There is a thing that is the same color as the small cylinder; what material is it?", "template_filename": "1_same_relate_restricted", "template_index": 5, "question_index": 16, "image_filenames": ["CLEVR_train_000767.png", "CLEVR_train_000841.png", "CLEVR_train_003092.png", "CLEVR_train_002464.png", "CLEVR_train_004588.png"], "image_indices": [767, 841, 3092, 2464, 4588], "answers": ["rubber", "rubber", "rubber", "metal", "metal"], "program": [[{"type": "scene", "inputs": [], "_output": [0, 1, 2, 3, 4], "value_inputs": []}, {"type": "filter_size", "inputs": [0], "_output": [0, 1, 3], "value_inputs": ["small"]}, {"type": "filter_shape", "inputs": [1], "_output": [3], "value_inputs": ["cylinder"]}, {"type": "unique", "inputs": [2], "_output": 3, "value_inputs": []}, {"type": "same_color", "inputs": [3], "_output": [4], "value_inputs": []}, {"type": "unique", "inputs": [4], "_output": 4, "value_inputs": []}, {"type": "query_material", "inputs": [5], "_output": "rubber", "value_inputs": []}], [{"type": "scene", "inputs": [], "_output": [0, 1, 2, 3, 4, 5, 6, 7, 8, 9], "value_inputs": []}, {"type": "filter_size", "inputs": [0], "_output": [2, 3, 8], "value_inputs": ["small"]}, {"type": "filter_shape", "inputs": [1], "_output": [3], "value_inputs": ["cylinder"]}, {"type": "unique", "inputs": [2], "_output": 3, "value_inputs": []}, {"type": "same_color", "inputs": [3], "_output": [5], "value_inputs": []}, {"type": "unique", "inputs": [4], "_output": 5, "value_inputs": []}, {"type": "query_material", "inputs": [5], "_output": "rubber", "value_inputs": []}], [{"type": "scene", "inputs": [], "_output": [0, 1, 2, 3, 4, 5, 6, 7, 8], "value_inputs": []}, {"type": "filter_size", "inputs": [0], "_output": [0, 2, 3, 4, 5], "value_inputs": ["small"]}, {"type": "filter_shape", "inputs": [1], "_output": [5], "value_inputs": ["cylinder"]}, {"type": "unique", "inputs": [2], "_output": 5, "value_inputs": []}, {"type": "same_color", "inputs": [3], "_output": [6], "value_inputs": []}, {"type": "unique", "inputs": [4], "_output": 6, "value_inputs": []}, {"type": "query_material", "inputs": [5], "_output": "rubber", "value_inputs": []}], [{"type": "scene", "inputs": [], "_output": [0, 1, 2, 3, 4, 5, 6, 7], "value_inputs": []}, {"type": "filter_size", "inputs": [0], "_output": [1, 4, 6, 7], "value_inputs": ["small"]}, {"type": "filter_shape", "inputs": [1], "_output": [7], "value_inputs": ["cylinder"]}, {"type": "unique", "inputs": [2], "_output": 7, "value_inputs": []}, {"type": "same_color", "inputs": [3], "_output": [6], "value_inputs": []}, {"type": "unique", "inputs": [4], "_output": 6, "value_inputs": []}, {"type": "query_material", "inputs": [5], "_output": "metal", "value_inputs": []}], [{"type": "scene", "inputs": [], "_output": [0, 1, 2, 3, 4, 5, 6], "value_inputs": []}, {"type": "filter_size", "inputs": [0], "_output": [1, 2, 3, 5], "value_inputs": ["small"]}, {"type": "filter_shape", "inputs": [1], "_output": [3], "value_inputs": ["cylinder"]}, {"type": "unique", "inputs": [2], "_output": 3, "value_inputs": []}, {"type": "same_color", "inputs": [3], "_output": [0], "value_inputs": []}, {"type": "unique", "inputs": [4], "_output": 0, "value_inputs": []}, {"type": "query_material", "inputs": [5], "_output": "metal", "value_inputs": []}]]}, {"split": "train", "question": "What material is the large thing that is the same color as the small rubber cube?", "template_filename": "1_same_relate_restricted", "template_index": 5, "question_index": 17, "image_filenames": ["CLEVR_train_001712.png", "CLEVR_train_000912.png", "CLEVR_train_000049.png", "CLEVR_train_001597.png", "CLEVR_train_004230.png"], "image_indices": [1712, 912, 49, 1597, 4230], "answers": ["metal", "rubber", "metal", "rubber", "metal"], "program": [[{"type": "scene", "inputs": [], "_output": [0, 1, 2, 3, 4, 5, 6], "value_inputs": []}, {"type": "filter_size", "inputs": [0], "_output": [0, 1, 2, 3, 5, 6], "value_inputs": ["small"]}, {"type": "filter_material", "inputs": [1], "_output": [0, 1, 2], "value_inputs": ["rubber"]}, {"type": "filter_shape", "inputs": [2], "_output": [1], "value_inputs": ["cube"]}, {"type": "unique", "inputs": [3], "_output": 1, "value_inputs": []}, {"type": "same_color", "inputs": [4], "_output": [2, 4], "value_inputs": []}, {"type": "filter_size", "inputs": [5], "_output": [4], "value_inputs": ["large"]}, {"type": "unique", "inputs": [6], "_output": 4, "value_inputs": []}, {"type": "query_material", "inputs": [7], "_output": "metal", "value_inputs": []}], [{"type": "scene", "inputs": [], "_output": [0, 1, 2, 3], "value_inputs": []}, {"type": "filter_size", "inputs": [0], "_output": [1, 3], "value_inputs": ["small"]}, {"type": "filter_material", "inputs": [1], "_output": [1, 3], "value_inputs": ["rubber"]}, {"type": "filter_shape", "inputs": [2], "_output": [1], "value_inputs": ["cube"]}, {"type": "unique", "inputs": [3], "_output": 1, "value_inputs": []}, {"type": "same_color", "inputs": [4], "_output": [0], "value_inputs": []}, {"type": "filter_size", "inputs": [5], "_output": [0], "value_inputs": ["large"]}, {"type": "unique", "inputs": [6], "_output": 0, "value_inputs": []}, {"type": "query_material", "inputs": [7], "_output": "rubber", "value_inputs": []}], [{"type": "scene", "inputs": [], "_output": [0, 1, 2, 3, 4], "value_inputs": []}, {"type": "filter_size", "inputs": [0], "_output": [3, 4], "value_inputs": ["small"]}, {"type": "filter_material", "inputs": [1], "_output": [3, 4], "value_inputs": ["rubber"]}, {"type": "filter_shape", "inputs": [2], "_output": [3], "value_inputs": ["cube"]}, {"type": "unique", "inputs": [3], "_output": 3, "value_inputs": []}, {"type": "same_color", "inputs": [4], "_output": [2], "value_inputs": []}, {"type": "filter_size", "inputs": [5], "_output": [2], "value_inputs": ["large"]}, {"type": "unique", "inputs": [6], "_output": 2, "value_inputs": []}, {"type": "query_material", "inputs": [7], "_output": "metal", "value_inputs": []}], [{"type": "scene", "inputs": [], "_output": [0, 1, 2, 3, 4, 5, 6, 7, 8, 9], "value_inputs": []}, {"type": "filter_size", "inputs": [0], "_output": [2, 3, 4, 7, 9], "value_inputs": ["small"]}, {"type": "filter_material", "inputs": [1], "_output": [2, 3, 4, 7], "value_inputs": ["rubber"]}, {"type": "filter_shape", "inputs": [2], "_output": [4], "value_inputs": ["cube"]}, {"type": "unique", "inputs": [3], "_output": 4, "value_inputs": []}, {"type": "same_color", "inputs": [4], "_output": [1, 3, 9], "value_inputs": []}, {"type": "filter_size", "inputs": [5], "_output": [1], "value_inputs": ["large"]}, {"type": "unique", "inputs": [6], "_output": 1, "value_inputs": []}, {"type": "query_material", "inputs": [7], "_output": "rubber", "value_inputs": []}], [{"type": "scene", "inputs": [], "_output": [0, 1, 2, 3, 4, 5, 6, 7, 8], "value_inputs": []}, {"type": "filter_size", "inputs": [0], "_output": [0, 2, 7], "value_inputs": ["small"]}, {"type": "filter_material", "inputs": [1], "_output": [0, 2, 7], "value_inputs": ["rubber"]}, {"type": "filter_shape", "inputs": [2], "_output": [2], "value_inputs": ["cube"]}, {"type": "unique", "inputs": [3], "_output": 2, "value_inputs": []}, {"type": "same_color", "inputs": [4], "_output": [5], "value_inputs": []}, {"type": "filter_size", "inputs": [5], "_output": [5], "value_inputs": ["large"]}, {"type": "unique", "inputs": [6], "_output": 5, "value_inputs": []}, {"type": "query_material", "inputs": [7], "_output": "metal", "value_inputs": []}]]}]}