{"info": {"split": "train", "license": "Creative Commons Attribution (CC BY 4.0)", "version": "1.0", "date": "2/14/2017"}, "questions": [{"split": "train", "question": "How many things are large metal cylinders or small gray things?", "template_filename": "1_single_or", "template_index": 0, "question_index": 0, "image_filenames": ["CLEVR_train_001848.png", "CLEVR_train_000530.png", "CLEVR_train_000490.png", "CLEVR_train_001395.png", "CLEVR_train_003299.png"], "image_indices": [1848, 530, 490, 1395, 3299], "answers": [3, 3, 2, 2, 2], "program": [[{"type": "scene", "inputs": [], "_output": [0, 1, 2], "value_inputs": []}, {"type": "filter_size", "inputs": [0], "_output": [2], "value_inputs": ["large"]}, {"type": "filter_material", "inputs": [1], "_output": [2], "value_inputs": ["metal"]}, {"type": "filter_shape", "inputs": [2], "_output": [2], "value_inputs": ["cylinder"]}, {"type": "scene", "inputs": [], "_output": [0, 1, 2], "value_inputs": []}, {"type": "filter_size", "inputs": [4], "_output": [0, 1], "value_inputs": ["small"]}, {"type": "filter_color", "inputs": [5], "_output": [0, 1], "value_inputs": ["gray"]}, {"type": "union", "inputs": [3, 6], "_output": [0, 1, 2], "value_inputs": []}, {"type": "count", "inputs": [7], "_output": 3, "value_inputs": []}], [{"type": "scene", "inputs": [], "_output": [0, 1, 2, 3], "value_inputs": []}, {"type": "filter_size", "inputs": [0], "_output": [3], "value_inputs": ["large"]}, {"type": "filter_material", "inputs": [1], "_output": [3], "value_inputs": ["metal"]}, {"type": "filter_shape", "inputs": [2], "_output": [3], "value_inputs": ["cylinder"]}, {"type": "scene", "inputs": [], "_output": [0, 1, 2, 3], "value_inputs": []}, {"type": "filter_size", "inputs": [4], "_output": [0, 1, 2], "value_inputs": ["small"]}, {"type": "filter_color", "inputs": [5], "_output": [0, 1], "value_inputs": ["gray"]}, {"type": "union", "inputs": [3, 6], "_output": [0, 1, 3], "value_inputs": []}, {"type": "count", "inputs": [7], "_output": 3, "value_inputs": []}], [{"type": "scene", "inputs": [], "_output": [0, 1, 2, 3, 4, 5, 6, 7, 8, 9], "value_inputs": []}, {"type": "filter_size", "inputs": [0], "_output": [0, 1, 2, 4, 5, 6, 9], "value_inputs": ["large"]}, {"type": "filter_material", "inputs": [1], "_output": [0, 4, 5, 9], "value_inputs": ["metal"]}, {"type": "filter_shape", "inputs": [2], "_output": [9], "value_inputs": ["cylinder"]}, {"type": "scene", "inputs": [], "_output": [0, 1, 2, 3, 4, 5, 6, 7, 8, 9], "value_inputs": []}, {"type": "filter_size", "inputs": [4], "_output": [3, 7, 8], "value_inputs": ["small"]}, {"type": "filter_color", "inputs": [5], "_output": [8], "value_inputs": ["gray"]}, {"type": "union", "inputs": [3, 6], "_output": [8, 9], "value_inputs": []}, {"type": "count", "inputs": [7], "_output": 2, "value_inputs": []}], [{"type": "scene", "inputs": [], "_output": [0, 1, 2, 3, 4, 5], "value_inputs": []}, {"type": "filter_size", "inputs": [0], "_output": [1, 2, 4], "value_inputs": ["large"]}, {"type": "filter_material", "inputs": [1], "_output": [1, 2, 4], "value_inputs": ["metal"]}, {"type": "filter_shape", "inputs": [2], "_output": [1], "value_inputs": ["cylinder"]}, {"type": "scene", "inputs": [], "_output": [0, 1, 2, 3, 4, 5], "value_inputs": []}, {"type": "filter_size", "inputs": [4], "_output": [0, 3, 5], "value_inputs": ["small"]}, {"type": "filter_color", "inputs": [5], "_output": [3], "value_inputs": ["gray"]}, {"type": "union", "inputs": [3, 6], "_output": [1, 3], "value_inputs": []}, {"type": "count", "inputs": [7], "_output": 2, "value_inputs": []}], [{"type": "scene", "inputs": [], "_output": [0, 1, 2, 3, 4], "value_inputs": []}, {"type": "filter_size", "inputs": [0], "_output": [1, 4], "value_inputs": ["large"]}, {"type": "filter_material", "inputs": [1], "_output": [1], "value_inputs": ["metal"]}, {"type": "filter_shape", "inputs": [2], "_output": [1], "value_inputs": ["cylinder"]}, {"type": "scene", "inputs": [], "_output": [0, 1, 2, 3, 4], "value_inputs": []}, {"type": "filter_size", "inputs": [4], "_output": [0, 2, 3], "value_inputs": ["small"]}, {"type": "filter_color", "inputs": [5], "_output": [2], "value_inputs": ["gray"]}, {"type": "union", "inputs": [3, 6], "_output": [1, 2], "value_inputs": []}, {"type": "count", "inputs": [7], "_output": 2, "value_inputs": []}]]}, {"split": "train", "question": "How many things are small metal things or large purple things?", "template_filename": "1_single_or", "template_index": 0, "question_index": 1, "image_filenames": ["CLEVR_train_000389.png", "CLEVR_train_001796.png", "CLEVR_train_000490.png", "CLEVR_train_002748.png", "CLEVR_train_001073.png"], "image_indices": [389, 1796, 490, 2748, 1073], "answers": [3, 3, 3, 2, 3], "program": [[{"type": "scene", "inputs": [], "_output": [0, 1, 2, 3, 4, 5, 6], "value_inputs": []}, {"type": "filter_size", "inputs": [0], "_output": [0, 3, 4, 6], "value_inputs": ["small"]}, {"type": "filter_material", "inputs": [1], "_output": [4, 6], "value_inputs": ["metal"]}, {"type": "scene", "inputs": [], "_output": [0, 1, 2, 3, 4, 5, 6], "value_inputs": []}, {"type": "filter_size", "inputs": [3], "_output": [1, 2, 5], "value_inputs": ["large"]}, {"type": "filter_color", "inputs": [4], "_output": [1], "value_inputs": ["purple"]}, {"type": "union", "inputs": [2, 5], "_output": [1, 4, 6], "value_inputs": []}, {"type": "count", "inputs": [6], "_output": 3, "value_inputs": []}], [{"type": "scene", "inputs": [], "_output": [0, 1, 2, 3, 4, 5, 6, 7, 8], "value_inputs": []}, {"type": "filter_size", "inputs": [0], "_output": [0, 1, 3, 7, 8], "value_inputs": ["small"]}, {"type": "filter_material", "inputs": [1], "_output": [1], "value_inputs": ["metal"]}, {"type": "scene", "inputs": [], "_output": [0, 1, 2, 3, 4, 5, 6, 7, 8], "value_inputs": []}, {"type": "filter_size", "inputs": [3], "_output": [2, 4, 5, 6], "value_inputs": ["large"]}, {"type": "filter_color", "inputs": [4], "_output": [5, 6], "value_inputs": ["purple"]}, {"type": "union", "inputs": [2, 5], "_output": [1, 5, 6], "value_inputs": []}, {"type": "count", "inputs": [6], "_output": 3, "value_inputs": []}], [{"type": "scene", "inputs": [], "_output": [0, 1, 2, 3, 4, 5, 6, 7, 8, 9], "value_inputs": []}, {"type": "filter_size", "inputs": [0], "_output": [3, 7, 8], "value_inputs": ["small"]}, {"type": "filter_material", "inputs": [1], "_output": [3, 8], "value_inputs": ["metal"]}, {"type": "scene", "inputs": [], "_output": [0, 1, 2, 3, 4, 5, 6, 7, 8, 9], "value_inputs": []}, {"type": "filter_size", "inputs": [3], "_output": [0, 1, 2, 4, 5, 6, 9], "value_inputs": ["large"]}, {"type": "filter_color", "inputs": [4], "_output": [9], "value_inputs": ["purple"]}, {"type": "union", "inputs": [2, 5], "_output": [3, 8, 9], "value_inputs": []}, {"type": "count", "inputs": [6], "_output": 3, "value_inputs": []}], [{"type": "scene", "inputs": [], "_output": [0, 1, 2, 3], "value_inputs": []}, {"type": "filter_size", "inputs": [0], "_output": [1, 2], "value_inputs": ["small"]}, {"type": "filter_material", "inputs": [1], "_output": [2], "value_inputs": ["metal"]}, {"type": "scene", "inputs": [], "_output": [0, 1, 2, 3], "value_inputs": []}, {"type": "filter_size", "inputs": [3], "_output": [0, 3], "value_inputs": ["large"]}, {"type": "filter_color", "inputs": [4], "_output": [0], "value_inputs": ["purple"]}, {"type": "union", "inputs": [2, 5], "_output": [0, 2], "value_inputs": []}, {"type": "count", "inputs": [6], "_output": 2, "value_inputs": []}], [{"type": "scene", "inputs": [], "_output": [0, 1, 2, 3, 4, 5, 6, 7], "value_inputs": []}, {"type": "filter_size", "inputs": [0], "_output": [1, 2, 4, 5], "value_inputs": ["small"]}, {"type": "filter_material", "inputs": [1], "_output": [1, 2], "value_inputs": ["metal"]}, {"type": "scene", "inputs": [], "_output": [0, 1, 2, 3, 4, 5, 6, 7], "value_inputs": []}, {"type": "filter_size", "inputs": [3], "_output": [0, 3, 6, 7], "value_inputs": ["large"]}, {"type": "filter_color", "inputs": [4], "_output": [7], "value_inputs": ["purple"]}, {"type": "union", "inputs": [2, 5], "_output": [1, 2, 7], "value_inputs": []}, {"type": "count", "inputs": [6], "_output": 3, "value_inputs": []}]]}, {"split": "train", "question": "How many things are red things or large green things?", "template_filename": "1_single_or", "template_index": 0, "question_index": 2, "image_filenames": ["CLEVR_train_003606.png", "CLEVR_train_002935.png", "CLEVR_train_000597.png", "CLEVR_train_004836.png", "CLEVR_train_000094.png"], "image_indices": [3606, 2935, 597, 4836, 94], "answers": [2, 2, 2, 4, 2], "program": [[{"type": "scene", "inputs": [], "_output": [0, 1, 2], "value_inputs": []}, {"type": "filter_color", "inputs": [0], "_output": [1], "value_inputs": ["red"]}, {"type": "scene", "inputs": [], "_output": [0, 1, 2], "value_inputs": []}, {"type": "filter_size", "inputs": [2], "_output": [0, 1], "value_inputs": ["large"]}, {"type": "filter_color", "inputs": [3], "_output": [0], "value_inputs": ["green"]}, {"type": "union", "inputs": [1, 4], "_output": [0, 1], "value_inputs": []}, {"type": "count", "inputs": [5], "_output": 2, "value_inputs": []}], [{"type": "scene", "inputs": [], "_output": [0, 1, 2, 3, 4, 5], "value_inputs": []}, {"type": "filter_color", "inputs": [0], "_output": [0], "value_inputs": ["red"]}, {"type": "scene", "inputs": [], "_output": [0, 1, 2, 3, 4, 5], "value_inputs": []}, {"type": "filter_size", "inputs": [2], "_output": [0, 1, 5], "value_inputs": ["large"]}, {"type": "filter_color", "inputs": [3], "_output": [5], "value_inputs": ["green"]}, {"type": "union", "inputs": [1, 4], "_output": [0, 5], "value_inputs": []}, {"type": "count", "inputs": [5], "_output": 2, "value_inputs": []}], [{"type": "scene", "inputs": [], "_output": [0, 1, 2, 3, 4, 5, 6, 7], "value_inputs": []}, {"type": "filter_color", "inputs": [0], "_output": [1], "value_inputs": ["red"]}, {"type": "scene", "inputs": [], "_output": [0, 1, 2, 3, 4, 5, 6, 7], "value_inputs": []}, {"type": "filter_size", "inputs": [2], "_output": [0, 1, 2, 3, 4, 6, 7], "value_inputs": ["large"]}, {"type": "filter_color", "inputs": [3], "_output": [3], "value_inputs": ["green"]}, {"type": "union", "inputs": [1, 4], "_output": [1, 3], "value_inputs": []}, {"type": "count", "inputs": [5], "_output": 2, "value_inputs": []}], [{"type": "scene", "inputs": [], "_output": [0, 1, 2, 3, 4, 5, 6], "value_inputs": []}, {"type": "filter_color", "inputs": [0], "_output": [1, 3, 5], "value_inputs": ["red"]}, {"type": "scene", "inputs": [], "_output": [0, 1, 2, 3, 4, 5, 6], "value_inputs": []}, {"type": "filter_size", "inputs": [2], "_output": [3, 4, 6], "value_inputs": ["large"]}, {"type": "filter_color", "inputs": [3], "_output": [6], "value_inputs": ["green"]}, {"type": "union", "inputs": [1, 4], "_output": [1, 3, 5, 6], "value_inputs": []}, {"type": "count", "inputs": [5], "_output": 4, "value_inputs": []}], [{"type": "scene", "inputs": [], "_output": [0, 1, 2], "value_inputs": []}, {"type": "filter_color", "inputs": [0], "_output": [1], "value_inputs": ["red"]}, {"type": "scene", "inputs": [], "_output": [0, 1, 2], "value_inputs": []}, {"type": "filter_size", "inputs": [2], "_output": [0, 2], "value_inputs": ["large"]}, {"type": "filter_color", "inputs": [3], "_output": [2], "value_inputs": ["green"]}, {"type": "union", "inputs": [1, 4], "_output": [1, 2], "value_inputs": []}, {"type": "count", "inputs": [5], "_output": 2, "value_inputs": []}]]}, {"split": "train", "question": "What number of things are rubber things or rubber cylinders?", "template_filename": "1_single_or", "template_index": 0, "question_index": 3, "image_filenames": ["CLEVR_train_002025.png", "CLEVR_train_001336.png", "CLEVR_train_004726.png", "CLEVR_train_002179.png", "CLEVR_train_001823.png"], "image_indices": [2025, 1336, 4726, 2179, 1823], "answers": [5, 4, 4, 2, 3], "program": [[{"type": "scene", "inputs": [], "_output": [0, 1, 2, 3, 4, 5, 6, 7, 8], "value_inputs": []}, {"type": "filter_material", "inputs": [0], "_output": [0, 2, 3, 5, 7], "value_inputs": ["rubber"]}, {"type": "scene", "inputs": [], "_output": [0, 1, 2, 3, 4, 5, 6, 7, 8], "value_inputs": []}, {"type": "filter_material", "inputs": [2], "_output": [0, 2, 3, 5, 7], "value_inputs": ["rubber"]}, {"type": "filter_shape", "inputs": [3], "_output": [0, 5, 7], "value_inputs": ["cylinder"]}, {"type": "union", "inputs": [1, 4], "_output": [0, 2, 3, 5, 7], "value_inputs": []}, {"type": "count", "inputs": [5], "_output": 5, "value_inputs": []}], [{"type": "scene", "inputs": [], "_output": [0, 1, 2, 3, 4], "value_inputs": []}, {"type": "filter_material", "inputs": [0], "_output": [0, 1, 2, 4], "value_inputs": ["rubber"]}, {"type": "scene", "inputs": [], "_output": [0, 1, 2, 3, 4], "value_inputs": []}, {"type": "filter_material", "inputs": [2], "_output": [0, 1, 2, 4], "value_inputs": ["rubber"]}, {"type": "filter_shape", "inputs": [3], "_output": [1, 4], "value_inputs": ["cylinder"]}, {"type": "union", "inputs": [1, 4], "_output": [0, 1, 2, 4], "value_inputs": []}, {"type": "count", "inputs": [5], "_output": 4, "value_inputs": []}], [{"type": "scene", "inputs": [], "_output": [0, 1, 2, 3, 4, 5, 6, 7], "value_inputs": []}, {"type": "filter_material", "inputs": [0], "_output": [1, 2, 3, 5], "value_inputs": ["rubber"]}, {"type": "scene", "inputs": [], "_output": [0, 1, 2, 3, 4, 5, 6, 7], "value_inputs": []}, {"type": "filter_material", "inputs": [2], "_output": [1, 2, 3, 5], "value_inputs": ["rubber"]}, {"type": "filter_shape", "inputs": [3], "_output": [2], "value_inputs": ["cylinder"]}, {"type": "union", "inputs": [1, 4], "_output": [1, 2, 3, 5], "value_inputs": []}, {"type": "count", "inputs": [5], "_output": 4, "value_inputs": []}], [{"type": "scene", "inputs": [], "_output": [0, 1, 2, 3, 4, 5, 6], "value_inputs": []}, {"type": "filter_material", "inputs": [0], "_output": [5, 6], "value_inputs": ["rubber"]}, {"type": "scene", "inputs": [], "_output": [0, 1, 2, 3, 4, 5, 6], "value_inputs": []}, {"type": "filter_material", "inputs": [2], "_output": [5, 6], "value_inputs": ["rubber"]}, {"type": "filter_shape", "inputs": [3], "_output": [6], "value_inputs": ["cylinder"]}, {"type": "union", "inputs": [1, 4], "_output": [5, 6], "value_inputs": []}, {"type": "count", "inputs": [5], "_output": 2, "value_inputs": []}], [{"type": "scene", "inputs": [], "_output": [0, 1, 2], "value_inputs": []}, {"type": "filter_material", "inputs": [0], "_output": [0, 1, 2], "value_inputs": ["rubber"]}, {"type": "scene", "inputs": [], "_output": [0, 1, 2], "value_inputs": []}, {"type": "filter_material", "inputs": [2], "_output": [0, 1, 2], "value_inputs": ["rubber"]}, {"type": "filter_shape", "inputs": [3], "_output": [2], "value_inputs": ["cylinder"]}, {"type": "union", "inputs": [1, 4], "_output": [0, 1, 2], "value_inputs": []}, {"type": "count", "inputs": [5], "_output": 3, "value_inputs": []}]]}, {"split": "train", "question": "How many things are either small things or cylinders?", "template_filename": "1_single_or", "template_index": 0, "question_index": 4, "image_filenames": ["CLEVR_train_002681.png", "CLEVR_train_001330.png", "CLEVR_train_002416.png", "CLEVR_train_000913.png", "CLEVR_train_000949.png"], "image_indices": [2681, 1330, 2416, 913, 949], "answers": [6, 8, 3, 3, 3], "program": [[{"type": "scene", "inputs": [], "_output": [0, 1, 2, 3, 4, 5, 6, 7, 8, 9], "value_inputs": []}, {"type": "filter_size", "inputs": [0], "_output": [1, 6, 8, 9], "value_inputs": ["small"]}, {"type": "scene", "inputs": [], "_output": [0, 1, 2, 3, 4, 5, 6, 7, 8, 9], "value_inputs": []}, {"type": "filter_shape", "inputs": [2], "_output": [2, 5, 6], "value_inputs": ["cylinder"]}, {"type": "union", "inputs": [1, 3], "_output": [1, 2, 5, 6, 8, 9], "value_inputs": []}, {"type": "count", "inputs": [4], "_output": 6, "value_inputs": []}], [{"type": "scene", "inputs": [], "_output": [0, 1, 2, 3, 4, 5, 6, 7], "value_inputs": []}, {"type": "filter_size", "inputs": [0], "_output": [1, 2, 3, 4, 5, 6, 7], "value_inputs": ["small"]}, {"type": "scene", "inputs": [], "_output": [0, 1, 2, 3, 4, 5, 6, 7], "value_inputs": []}, {"type": "filter_shape", "inputs": [2], "_output": [0, 2, 4, 6], "value_inputs": ["cylinder"]}, {"type": "union", "inputs": [1, 3], "_output": [0, 1, 2, 3, 4, 5, 6, 7], "value_inputs": []}, {"type": "count", "inputs": [4], "_output": 8, "value_inputs": []}], [{"type": "scene", "inputs": [], "_output": [0, 1, 2, 3], "value_inputs": []}, {"type": "filter_size", "inputs": [0], "_output": [0, 2], "value_inputs": ["small"]}, {"type": "scene", "inputs": [], "_output": [0, 1, 2, 3], "value_inputs": []}, {"type": "filter_shape", "inputs": [2], "_output": [0, 3], "value_inputs": ["cylinder"]}, {"type": "union", "inputs": [1, 3], "_output": [0, 2, 3], "value_inputs": []}, {"type": "count", "inputs": [4], "_output": 3, "value_inputs": []}], [{"type": "scene", "inputs": [], "_output": [0, 1, 2, 3], "value_inputs": []}, {"type": "filter_size", "inputs": [0], "_output": [2, 3], "value_inputs": ["small"]}, {"type": "scene", "inputs": [], "_output": [0, 1, 2, 3], "value_inputs": []}, {"type": "filter_shape", "inputs": [2], "_output": [1], "value_inputs": ["cylinder"]}, {"type": "union", "inputs": [1, 3], "_output": [1, 2, 3], "value_inputs": []}, {"type": "count", "inputs": [4], "_output": 3, "value_inputs": []}], [{"type": "scene", "inputs": [], "_output": [0, 1, 2, 3], "value_inputs": []}, {"type": "filter_size", "inputs": [0], "_output": [0, 1, 2], "value_inputs": ["small"]}, {"type": "scene", "inputs": [], "_output": [0, 1, 2, 3], "value_inputs": []}, {"type": "filter_shape", "inputs": [2], "_output": [0], "value_inputs": ["cylinder"]}, {"type": "union", "inputs": [1, 3], "_output": [0, 1, 2], "value_inputs": []}, {"type": "count", "inputs": [4], "_output": 3, "value_inputs": []}]]}, {"split": "train", "question": "What number of small objects are either rubber cylinders or green metal things?", "template_filename": "1_single_or", "template_index": 1, "question_index": 5, "image_filenames": ["CLEVR_train_003737.png", "CLEVR_train_000636.png", "CLEVR_train_002399.png", "CLEVR_train_003578.png", "CLEVR_train_000823.png"], "image_indices": [3737, 636, 2399, 3578, 823], "answers": [1, 1, 3, 1, 3], "program": [[{"type": "scene", "inputs": [], "_output": [0, 1, 2, 3, 4, 5, 6, 7], "value_inputs": []}, {"type": "filter_material", "inputs": [0], "_output": [0, 4, 5, 6], "value_inputs": ["rubber"]}, {"type": "filter_shape", "inputs": [1], "_output": [4, 6], "value_inputs": ["cylinder"]}, {"type": "scene", "inputs": [], "_output": [0, 1, 2, 3, 4, 5, 6, 7], "value_inputs": []}, {"type": "filter_color", "inputs": [3], "_output": [1], "value_inputs": ["green"]}, {"type": "filter_material", "inputs": [4], "_output": [1], "value_inputs": ["metal"]}, {"type": "union", "inputs": [2, 5], "_output": [1, 4, 6], "value_inputs": []}, {"type": "filter_size", "inputs": [6], "_output": [4], "value_inputs": ["small"]}, {"type": "count", "inputs": [7], "_output": 1, "value_inputs": []}], [{"type": "scene", "inputs": [], "_output": [0, 1, 2, 3, 4, 5, 6, 7, 8], "value_inputs": []}, {"type": "filter_material", "inputs": [0], "_output": [4, 5, 7], "value_inputs": ["rubber"]}, {"type": "filter_shape", "inputs": [1], "_output": [7], "value_inputs": ["cylinder"]}, {"type": "scene", "inputs": [], "_output": [0, 1, 2, 3, 4, 5, 6, 7, 8], "value_inputs": []}, {"type": "filter_color", "inputs": [3], "_output": [0], "value_inputs": ["green"]}, {"type": "filter_material", "inputs": [4], "_output": [0], "value_inputs": ["metal"]}, {"type": "union", "inputs": [2, 5], "_output": [0, 7], "value_inputs": []}, {"type": "filter_size", "inputs": [6], "_output": [7], "value_inputs": ["small"]}, {"type": "count", "inputs": [7], "_output": 1, "value_inputs": []}], [{"type": "scene", "inputs": [], "_output": [0, 1, 2, 3, 4, 5, 6, 7], "value_inputs": []}, {"type": "filter_material", "inputs": [0], "_output": [0, 1, 6, 7], "value_inputs": ["rubber"]}, {"type": "filter_shape", "inputs": [1], "_output": [0, 7], "value_inputs": ["cylinder"]}, {"type": "scene", "inputs": [], "_output": [0, 1, 2, 3, 4, 5, 6, 7], "value_inputs": []}, {"type": "filter_color", "inputs": [3], "_output": [5], "value_inputs": ["green"]}, {"type": "filter_material", "inputs": [4], "_output": [5], "value_inputs": ["metal"]}, {"type": "union", "inputs": [2, 5], "_output": [0, 5, 7], "value_inputs": []}, {"type": "filter_size", "inputs": [6], "_output": [0, 5, 7], "value_inputs": ["small"]}, {"type": "count", "inputs": [7], "_output": 3, "value_inputs": []}], [{"type": "scene", "inputs": [], "_output": [0, 1, 2, 3, 4, 5, 6, 7, 8], "value_inputs": []}, {"type": "filter_material", "inputs": [0], "_output": [0, 1, 2, 3, 6], "value_inputs": ["rubber"]}, {"type": "filter_shape", "inputs": [1], "_output": [1, 2, 6], "value_inputs": ["cylinder"]}, {"type": "scene", "inputs": [], "_output": [0, 1, 2, 3, 4, 5, 6, 7, 8], "value_inputs": []}, {"type": "filter_color", "inputs": [3], "_output": [2, 7], "value_inputs": ["green"]}, {"type": "filter_material", "inputs": [4], "_output": [7], "value_inputs": ["metal"]}, {"type": "union", "inputs": [2, 5], "_output": [1, 2, 6, 7], "value_inputs": []}, {"type": "filter_size", "inputs": [6], "_output": [2], "value_inputs": ["small"]}, {"type": "count", "inputs": [7], "_output": 1, "value_inputs": []}], [{"type": "scene", "inputs": [], "_output": [0, 1, 2, 3], "value_inputs": []}, {"type": "filter_material", "inputs": [0], "_output": [0, 2], "value_inputs": ["rubber"]}, {"type": "filter_shape", "inputs": [1], "_output": [0], "value_inputs": ["cylinder"]}, {"type": "scene", "inputs": [], "_output": [0, 1, 2, 3], "value_inputs": []}, {"type": "filter_color", "inputs": [3], "_output": [1, 3], "value_inputs": ["green"]}, {"type": "filter_material", "inputs": [4], "_output": [1, 3], "value_inputs": ["metal"]}, {"type": "union", "inputs": [2, 5], "_output": [0, 1, 3], "value_inputs": []}, {"type": "filter_size", "inputs": [6], "_output": [0, 1, 3], "value_inputs": ["small"]}, {"type": "count", "inputs": [7], "_output": 3, "value_inputs": []}]]}, {"split": "train", "question": "What number of small objects are either blue metal things or rubber things?", "template_filename": "1_single_or", "template_index": 1, "question_index": 6, "image_filenames": ["CLEVR_train_004393.png", "CLEVR_train_003065.png", "CLEVR_train_002455.png", "CLEVR_train_003952.png", "CLEVR_train_004040.png"], "image_indices": [4393, 3065, 2455, 3952, 4040], "answers": [1, 3, 2, 1, 3], "program": [[{"type": "scene", "inputs": [], "_output": [0, 1, 2, 3, 4], "value_inputs": []}, {"type": "filter_color", "inputs": [0], "_output": [1], "value_inputs": ["blue"]}, {"type": "filter_material", "inputs": [1], "_output": [1], "value_inputs": ["metal"]}, {"type": "scene", "inputs": [], "_output": [0, 1, 2, 3, 4], "value_inputs": []}, {"type": "filter_material", "inputs": [3], "_output": [3, 4], "value_inputs": ["rubber"]}, {"type": "union", "inputs": [2, 4], "_output": [1, 3, 4], "value_inputs": []}, {"type": "filter_size", "inputs": [5], "_output": [1], "value_inputs": ["small"]}, {"type": "count", "inputs": [6], "_output": 1, "value_inputs": []}], [{"type": "scene", "inputs": [], "_output": [0, 1, 2, 3, 4, 5, 6, 7], "value_inputs": []}, {"type": "filter_color", "inputs": [0], "_output": [0, 3, 4], "value_inputs": ["blue"]}, {"type": "filter_material", "inputs": [1], "_output": [0], "value_inputs": ["metal"]}, {"type": "scene", "inputs": [], "_output": [0, 1, 2, 3, 4, 5, 6, 7], "value_inputs": []}, {"type": "filter_material", "inputs": [3], "_output": [1, 2, 3, 4, 6, 7], "value_inputs": ["rubber"]}, {"type": "union", "inputs": [2, 4], "_output": [0, 1, 2, 3, 4, 6, 7], "value_inputs": []}, {"type": "filter_size", "inputs": [5], "_output": [2, 3, 4], "value_inputs": ["small"]}, {"type": "count", "inputs": [6], "_output": 3, "value_inputs": []}], [{"type": "scene", "inputs": [], "_output": [0, 1, 2, 3, 4, 5, 6, 7, 8, 9], "value_inputs": []}, {"type": "filter_color", "inputs": [0], "_output": [4, 8], "value_inputs": ["blue"]}, {"type": "filter_material", "inputs": [1], "_output": [8], "value_inputs": ["metal"]}, {"type": "scene", "inputs": [], "_output": [0, 1, 2, 3, 4, 5, 6, 7, 8, 9], "value_inputs": []}, {"type": "filter_material", "inputs": [3], "_output": [4, 9], "value_inputs": ["rubber"]}, {"type": "union", "inputs": [2, 4], "_output": [4, 8, 9], "value_inputs": []}, {"type": "filter_size", "inputs": [5], "_output": [8, 9], "value_inputs": ["small"]}, {"type": "count", "inputs": [6], "_output": 2, "value_inputs": []}], [{"type": "scene", "inputs": [], "_output": [0, 1, 2], "value_inputs": []}, {"type": "filter_color", "inputs": [0], "_output": [1], "value_inputs": ["blue"]}, {"type": "filter_material", "inputs": [1], "_output": [1], "value_inputs": ["metal"]}, {"type": "scene", "inputs": [], "_output": [0, 1, 2], "value_inputs": []}, {"type": "filter_material", "inputs": [3], "_output": [2], "value_inputs": ["rubber"]}, {"type": "union", "inputs": [2, 4], "_output": [1, 2], "value_inputs": []}, {"type": "filter_size", "inputs": [5], "_output": [1], "value_inputs": ["small"]}, {"type": "count", "inputs": [6], "_output": 1, "value_inputs": []}], [{"type": "scene", "inputs": [], "_output": [0, 1, 2, 3, 4, 5], "value_inputs": []}, {"type": "filter_color", "inputs": [0], "_output": [3, 4], "value_inputs": ["blue"]}, {"type": "filter_material", "inputs": [1], "_output": [3], "value_inputs": ["metal"]}, {"type": "scene", "inputs": [], "_output": [0, 1, 2, 3, 4, 5], "value_inputs": []}, {"type": "filter_material", "inputs": [3], "_output": [2, 4], "value_inputs": ["rubber"]}, {"type": "union", "inputs": [2, 4], "_output": [2, 3, 4], "value_inputs": []}, {"type": "filter_size", "inputs": [5], "_output": [2, 3, 4], "value_inputs": ["small"]}, {"type": "count", "inputs": [6], "_output": 3, "value_inputs": []}]]}, {"split": "train", "question": "How many small things are cylinders or metal things?", "template_filename": "1_single_or", "template_index": 1, "question_index": 7, "image_filenames": ["CLEVR_train_004040.png", "CLEVR_train_004451.png", "CLEVR_train_001719.png", "CLEVR_train_002648.png", "CLEVR_train_004759.png"], "image_indices": [4040, 4451, 1719, 2648, 4759], "answers": [3, 1, 4, 1, 2], "program": [[{"type": "scene", "inputs": [], "_output": [0, 1, 2, 3, 4, 5], "value_inputs": []}, {"type": "filter_shape", "inputs": [0], "_output": [1, 4], "value_inputs": ["cylinder"]}, {"type": "scene", "inputs": [], "_output": [0, 1, 2, 3, 4, 5], "value_inputs": []}, {"type": "filter_material", "inputs": [2], "_output": [0, 1, 3, 5], "value_inputs": ["metal"]}, {"type": "union", "inputs": [1, 3], "_output": [0, 1, 3, 4, 5], "value_inputs": []}, {"type": "filter_size", "inputs": [4], "_output": [1, 3, 4], "value_inputs": ["small"]}, {"type": "count", "inputs": [5], "_output": 3, "value_inputs": []}], [{"type": "scene", "inputs": [], "_output": [0, 1, 2], "value_inputs": []}, {"type": "filter_shape", "inputs": [0], "_output": [0], "value_inputs": ["cylinder"]}, {"type": "scene", "inputs": [], "_output": [0, 1, 2], "value_inputs": []}, {"type": "filter_material", "inputs": [2], "_output": [0, 1, 2], "value_inputs": ["metal"]}, {"type": "union", "inputs": [1, 3], "_output": [0, 1, 2], "value_inputs": []}, {"type": "filter_size", "inputs": [4], "_output": [2], "value_inputs": ["small"]}, {"type": "count", "inputs": [5], "_output": 1, "value_inputs": []}], [{"type": "scene", "inputs": [], "_output": [0, 1, 2, 3, 4, 5, 6, 7, 8], "value_inputs": []}, {"type": "filter_shape", "inputs": [0], "_output": [0, 1, 2, 3, 6, 8], "value_inputs": ["cylinder"]}, {"type": "scene", "inputs": [], "_output": [0, 1, 2, 3, 4, 5, 6, 7, 8], "value_inputs": []}, {"type": "filter_material", "inputs": [2], "_output": [0, 3, 5, 8], "value_inputs": ["metal"]}, {"type": "union", "inputs": [1, 3], "_output": [0, 1, 2, 3, 5, 6, 8], "value_inputs": []}, {"type": "filter_size", "inputs": [4], "_output": [1, 3, 5, 6], "value_inputs": ["small"]}, {"type": "count", "inputs": [5], "_output": 4, "value_inputs": []}], [{"type": "scene", "inputs": [], "_output": [0, 1, 2], "value_inputs": []}, {"type": "filter_shape", "inputs": [0], "_output": [2], "value_inputs": ["cylinder"]}, {"type": "scene", "inputs": [], "_output": [0, 1, 2], "value_inputs": []}, {"type": "filter_material", "inputs": [2], "_output": [1, 2], "value_inputs": ["metal"]}, {"type": "union", "inputs": [1, 3], "_output": [1, 2], "value_inputs": []}, {"type": "filter_size", "inputs": [4], "_output": [2], "value_inputs": ["small"]}, {"type": "count", "inputs": [5], "_output": 1, "value_inputs": []}], [{"type": "scene", "inputs": [], "_output": [0, 1, 2, 3], "value_inputs": []}, {"type": "filter_shape", "inputs": [0], "_output": [3], "value_inputs": ["cylinder"]}, {"type": "scene", "inputs": [], "_output": [0, 1, 2, 3], "value_inputs": []}, {"type": "filter_material", "inputs": [2], "_output": [0, 1, 3], "value_inputs": ["metal"]}, {"type": "union", "inputs": [1, 3], "_output": [0, 1, 3], "value_inputs": []}, {"type": "filter_size", "inputs": [4], "_output": [0, 1], "value_inputs": ["small"]}, {"type": "count", "inputs": [5], "_output": 2, "value_inputs": []}]]}, {"split": "train", "question": "What number of small things are rubber things or cylinders?", "template_filename": "1_single_or", "template_index": 1, "question_index": 8, "image_filenames": ["CLEVR_train_004836.png", "CLEVR_train_003952.png", "CLEVR_train_003830.png", "CLEVR_train_004601.png", "CLEVR_train_001943.png"], "image_indices": [4836, 3952, 3830, 4601, 1943], "answers": [2, 1, 2, 3, 3], "program": [[{"type": "scene", "inputs": [], "_output": [0, 1, 2, 3, 4, 5, 6], "value_inputs": []}, {"type": "filter_material", "inputs": [0], "_output": [0, 5], "value_inputs": ["rubber"]}, {"type": "scene", "inputs": [], "_output": [0, 1, 2, 3, 4, 5, 6], "value_inputs": []}, {"type": "filter_shape", "inputs": [2], "_output": [0], "value_inputs": ["cylinder"]}, {"type": "union", "inputs": [1, 3], "_output": [0, 5], "value_inputs": []}, {"type": "filter_size", "inputs": [4], "_output": [0, 5], "value_inputs": ["small"]}, {"type": "count", "inputs": [5], "_output": 2, "value_inputs": []}], [{"type": "scene", "inputs": [], "_output": [0, 1, 2], "value_inputs": []}, {"type": "filter_material", "inputs": [0], "_output": [2], "value_inputs": ["rubber"]}, {"type": "scene", "inputs": [], "_output": [0, 1, 2], "value_inputs": []}, {"type": "filter_shape", "inputs": [2], "_output": [1, 2], "value_inputs": ["cylinder"]}, {"type": "union", "inputs": [1, 3], "_output": [1, 2], "value_inputs": []}, {"type": "filter_size", "inputs": [4], "_output": [1], "value_inputs": ["small"]}, {"type": "count", "inputs": [5], "_output": 1, "value_inputs": []}], [{"type": "scene", "inputs": [], "_output": [0, 1, 2, 3, 4, 5, 6], "value_inputs": []}, {"type": "filter_material", "inputs": [0], "_output": [1, 2, 5, 6], "value_inputs": ["rubber"]}, {"type": "scene", "inputs": [], "_output": [0, 1, 2, 3, 4, 5, 6], "value_inputs": []}, {"type": "filter_shape", "inputs": [2], "_output": [0, 3], "value_inputs": ["cylinder"]}, {"type": "union", "inputs": [1, 3], "_output": [0, 1, 2, 3, 5, 6], "value_inputs": []}, {"type": "filter_size", "inputs": [4], "_output": [0, 1], "value_inputs": ["small"]}, {"type": "count", "inputs": [5], "_output": 2, "value_inputs": []}], [{"type": "scene", "inputs": [], "_output": [0, 1, 2, 3, 4, 5], "value_inputs": []}, {"type": "filter_material", "inputs": [0], "_output": [1, 5], "value_inputs": ["rubber"]}, {"type": "scene", "inputs": [], "_output": [0, 1, 2, 3, 4, 5], "value_inputs": []}, {"type": "filter_shape", "inputs": [2], "_output": [1, 4, 5], "value_inputs": ["cylinder"]}, {"type": "union", "inputs": [1, 3], "_output": [1, 4, 5], "value_inputs": []}, {"type": "filter_size", "inputs": [4], "_output": [1, 4, 5], "value_inputs": ["small"]}, {"type": "count", "inputs": [5], "_output": 3, "value_inputs": []}], [{"type": "scene", "inputs": [], "_output": [0, 1, 2, 3, 4, 5, 6, 7, 8], "value_inputs": []}, {"type": "filter_material", "inputs": [0], "_output": [0, 1, 2, 4, 5, 6, 8], "value_inputs": ["rubber"]}, {"type": "scene", "inputs": [], "_output": [0, 1, 2, 3, 4, 5, 6, 7, 8], "value_inputs": []}, {"type": "filter_shape", "inputs": [2], "_output": [0, 3, 5], "value_inputs": ["cylinder"]}, {"type": "union", "inputs": [1, 3], "_output": [0, 1, 2, 3, 4, 5, 6, 8], "value_inputs": []}, {"type": "filter_size", "inputs": [4], "_output": [0, 2, 6], "value_inputs": ["small"]}, {"type": "count", "inputs": [5], "_output": 3, "value_inputs": []}]]}, {"split": "train", "question": "What number of small objects are either metal cubes or red rubber things?", "template_filename": "1_single_or", "template_index": 1, "question_index": 9, "image_filenames": ["CLEVR_train_004716.png", "CLEVR_train_001567.png", "CLEVR_train_003817.png", "CLEVR_train_004552.png", "CLEVR_train_002822.png"], "image_indices": [4716, 1567, 3817, 4552, 2822], "answers": [1, 2, 1, 3, 2], "program": [[{"type": "scene", "inputs": [], "_output": [0, 1, 2, 3, 4, 5, 6, 7, 8, 9], "value_inputs": []}, {"type": "filter_material", "inputs": [0], "_output": [3, 5], "value_inputs": ["metal"]}, {"type": "filter_shape", "inputs": [1], "_output": [3], "value_inputs": ["cube"]}, {"type": "scene", "inputs": [], "_output": [0, 1, 2, 3, 4, 5, 6, 7, 8, 9], "value_inputs": []}, {"type": "filter_color", "inputs": [3], "_output": [1, 9], "value_inputs": ["red"]}, {"type": "filter_material", "inputs": [4], "_output": [1, 9], "value_inputs": ["rubber"]}, {"type": "union", "inputs": [2, 5], "_output": [1, 3, 9], "value_inputs": []}, {"type": "filter_size", "inputs": [6], "_output": [3], "value_inputs": ["small"]}, {"type": "count", "inputs": [7], "_output": 1, "value_inputs": []}], [{"type": "scene", "inputs": [], "_output": [0, 1, 2, 3, 4, 5, 6, 7, 8, 9], "value_inputs": []}, {"type": "filter_material", "inputs": [0], "_output": [3, 7], "value_inputs": ["metal"]}, {"type": "filter_shape", "inputs": [1], "_output": [3], "value_inputs": ["cube"]}, {"type": "scene", "inputs": [], "_output": [0, 1, 2, 3, 4, 5, 6, 7, 8, 9], "value_inputs": []}, {"type": "filter_color", "inputs": [3], "_output": [3, 5], "value_inputs": ["red"]}, {"type": "filter_material", "inputs": [4], "_output": [5], "value_inputs": ["rubber"]}, {"type": "union", "inputs": [2, 5], "_output": [3, 5], "value_inputs": []}, {"type": "filter_size", "inputs": [6], "_output": [3, 5], "value_inputs": ["small"]}, {"type": "count", "inputs": [7], "_output": 2, "value_inputs": []}], [{"type": "scene", "inputs": [], "_output": [0, 1, 2, 3, 4, 5, 6, 7, 8], "value_inputs": []}, {"type": "filter_material", "inputs": [0], "_output": [1, 2, 6, 7], "value_inputs": ["metal"]}, {"type": "filter_shape", "inputs": [1], "_output": [6], "value_inputs": ["cube"]}, {"type": "scene", "inputs": [], "_output": [0, 1, 2, 3, 4, 5, 6, 7, 8], "value_inputs": []}, {"type": "filter_color", "inputs": [3], "_output": [3], "value_inputs": ["red"]}, {"type": "filter_material", "inputs": [4], "_output": [3], "value_inputs": ["rubber"]}, {"type": "union", "inputs": [2, 5], "_output": [3, 6], "value_inputs": []}, {"type": "filter_size", "inputs": [6], "_output": [6], "value_inputs": ["small"]}, {"type": "count", "inputs": [7], "_output": 1, "value_inputs": []}], [{"type": "scene", "inputs": [], "_output": [0, 1, 2, 3, 4, 5, 6, 7, 8], "value_inputs": []}, {"type": "filter_material", "inputs": [0], "_output": [0, 1, 2, 3, 7, 8], "value_inputs": ["metal"]}, {"type": "filter_shape", "inputs": [1], "_output": [0, 1, 2, 3, 8], "value_inputs": ["cube"]}, {"type": "scene", "inputs": [], "_output": [0, 1, 2, 3, 4, 5, 6, 7, 8], "value_inputs": []}, {"type": "filter_color", "inputs": [3], "_output": [4, 5, 7], "value_inputs": ["red"]}, {"type": "filter_material", "inputs": [4], "_output": [4, 5], "value_inputs": ["rubber"]}, {"type": "union", "inputs": [2, 5], "_output": [0, 1, 2, 3, 4, 5, 8], "value_inputs": []}, {"type": "filter_size", "inputs": [6], "_output": [1, 3, 8], "value_inputs": ["small"]}, {"type": "count", "inputs": [7], "_output": 3, "value_inputs": []}], [{"type": "scene", "inputs": [], "_output": [0, 1, 2, 3, 4, 5, 6, 7, 8], "value_inputs": []}, {"type": "filter_material", "inputs": [0], "_output": [0, 1, 3, 4, 6, 7, 8], "value_inputs": ["metal"]}, {"type": "filter_shape", "inputs": [1], "_output": [1], "value_inputs": ["cube"]}, {"type": "scene", "inputs": [], "_output": [0, 1, 2, 3, 4, 5, 6, 7, 8], "value_inputs": []}, {"type": "filter_color", "inputs": [3], "_output": [0, 5], "value_inputs": ["red"]}, {"type": "filter_material", "inputs": [4], "_output": [5], "value_inputs": ["rubber"]}, {"type": "union", "inputs": [2, 5], "_output": [1, 5], "value_inputs": []}, {"type": "filter_size", "inputs": [6], "_output": [1, 5], "value_inputs": ["small"]}, {"type": "count", "inputs": [7], "_output": 2, "value_inputs": []}]]}, {"split": "train", "question": "What number of yellow objects are large metal things or large rubber things?", "template_filename": "1_single_or", "template_index": 2, "question_index": 10, "image_filenames": ["CLEVR_train_002751.png", "CLEVR_train_003008.png", "CLEVR_train_001997.png", "CLEVR_train_004711.png", "CLEVR_train_004580.png"], "image_indices": [2751, 3008, 1997, 4711, 4580], "answers": [1, 0, 1, 0, 1], "program": [[{"type": "scene", "inputs": [], "_output": [0, 1, 2, 3, 4, 5], "value_inputs": []}, {"type": "filter_size", "inputs": [0], "_output": [0, 1, 2, 4], "value_inputs": ["large"]}, {"type": "filter_material", "inputs": [1], "_output": [1, 2, 4], "value_inputs": ["metal"]}, {"type": "scene", "inputs": [], "_output": [0, 1, 2, 3, 4, 5], "value_inputs": []}, {"type": "filter_size", "inputs": [3], "_output": [0, 1, 2, 4], "value_inputs": ["large"]}, {"type": "filter_material", "inputs": [4], "_output": [0], "value_inputs": ["rubber"]}, {"type": "union", "inputs": [2, 5], "_output": [0, 1, 2, 4], "value_inputs": []}, {"type": "filter_color", "inputs": [6], "_output": [4], "value_inputs": ["yellow"]}, {"type": "count", "inputs": [7], "_output": 1, "value_inputs": []}], [{"type": "scene", "inputs": [], "_output": [0, 1, 2, 3, 4, 5, 6], "value_inputs": []}, {"type": "filter_size", "inputs": [0], "_output": [2, 3, 6], "value_inputs": ["large"]}, {"type": "filter_material", "inputs": [1], "_output": [6], "value_inputs": ["metal"]}, {"type": "scene", "inputs": [], "_output": [0, 1, 2, 3, 4, 5, 6], "value_inputs": []}, {"type": "filter_size", "inputs": [3], "_output": [2, 3, 6], "value_inputs": ["large"]}, {"type": "filter_material", "inputs": [4], "_output": [2, 3], "value_inputs": ["rubber"]}, {"type": "union", "inputs": [2, 5], "_output": [2, 3, 6], "value_inputs": []}, {"type": "filter_color", "inputs": [6], "_output": [], "value_inputs": ["yellow"]}, {"type": "count", "inputs": [7], "_output": 0, "value_inputs": []}], [{"type": "scene", "inputs": [], "_output": [0, 1, 2, 3, 4], "value_inputs": []}, {"type": "filter_size", "inputs": [0], "_output": [0, 2], "value_inputs": ["large"]}, {"type": "filter_material", "inputs": [1], "_output": [0], "value_inputs": ["metal"]}, {"type": "scene", "inputs": [], "_output": [0, 1, 2, 3, 4], "value_inputs": []}, {"type": "filter_size", "inputs": [3], "_output": [0, 2], "value_inputs": ["large"]}, {"type": "filter_material", "inputs": [4], "_output": [2], "value_inputs": ["rubber"]}, {"type": "union", "inputs": [2, 5], "_output": [0, 2], "value_inputs": []}, {"type": "filter_color", "inputs": [6], "_output": [2], "value_inputs": ["yellow"]}, {"type": "count", "inputs": [7], "_output": 1, "value_inputs": []}], [{"type": "scene", "inputs": [], "_output": [0, 1, 2, 3, 4, 5, 6, 7], "value_inputs": []}, {"type": "filter_size", "inputs": [0], "_output": [1, 3, 7], "value_inputs": ["large"]}, {"type": "filter_material", "inputs": [1], "_output": [1], "value_inputs": ["metal"]}, {"type": "scene", "inputs": [], "_output": [0, 1, 2, 3, 4, 5, 6, 7], "value_inputs": []}, {"type": "filter_size", "inputs": [3], "_output": [1, 3, 7], "value_inputs": ["large"]}, {"type": "filter_material", "inputs": [4], "_output": [3, 7], "value_inputs": ["rubber"]}, {"type": "union", "inputs": [2, 5], "_output": [1, 3, 7], "value_inputs": []}, {"type": "filter_color", "inputs": [6], "_output": [], "value_inputs": ["yellow"]}, {"type": "count", "inputs": [7], "_output": 0, "value_inputs": []}], [{"type": "scene", "inputs": [], "_output": [0, 1, 2, 3], "value_inputs": []}, {"type": "filter_size", "inputs": [0], "_output": [0, 1, 3], "value_inputs": ["large"]}, {"type": "filter_material", "inputs": [1], "_output": [0], "value_inputs": ["metal"]}, {"type": "scene", "inputs": [], "_output": [0, 1, 2, 3], "value_inputs": []}, {"type": "filter_size", "inputs": [3], "_output": [0, 1, 3], "value_inputs": ["large"]}, {"type": "filter_material", "inputs": [4], "_output": [1, 3], "value_inputs": ["rubber"]}, {"type": "union", "inputs": [2, 5], "_output": [0, 1, 3], "value_inputs": []}, {"type": "filter_color", "inputs": [6], "_output": [0], "value_inputs": ["yellow"]}, {"type": "count", "inputs": [7], "_output": 1, "value_inputs": []}]]}, {"split": "train", "question": "How many yellow objects are rubber cylinders or rubber things?", "template_filename": "1_single_or", "template_index": 2, "question_index": 11, "image_filenames": ["CLEVR_train_000912.png", "CLEVR_train_000265.png", "CLEVR_train_004013.png", "CLEVR_train_002751.png", "CLEVR_train_000213.png"], "image_indices": [912, 265, 4013, 2751, 213], "answers": [2, 1, 0, 0, 1], "program": [[{"type": "scene", "inputs": [], "_output": [0, 1, 2, 3], "value_inputs": []}, {"type": "filter_material", "inputs": [0], "_output": [0, 1, 2, 3], "value_inputs": ["rubber"]}, {"type": "filter_shape", "inputs": [1], "_output": [3], "value_inputs": ["cylinder"]}, {"type": "scene", "inputs": [], "_output": [0, 1, 2, 3], "value_inputs": []}, {"type": "filter_material", "inputs": [3], "_output": [0, 1, 2, 3], "value_inputs": ["rubber"]}, {"type": "union", "inputs": [2, 4], "_output": [0, 1, 2, 3], "value_inputs": []}, {"type": "filter_color", "inputs": [5], "_output": [0, 1], "value_inputs": ["yellow"]}, {"type": "count", "inputs": [6], "_output": 2, "value_inputs": []}], [{"type": "scene", "inputs": [], "_output": [0, 1, 2, 3, 4, 5, 6], "value_inputs": []}, {"type": "filter_material", "inputs": [0], "_output": [0, 1, 2, 3, 4, 5, 6], "value_inputs": ["rubber"]}, {"type": "filter_shape", "inputs": [1], "_output": [4, 6], "value_inputs": ["cylinder"]}, {"type": "scene", "inputs": [], "_output": [0, 1, 2, 3, 4, 5, 6], "value_inputs": []}, {"type": "filter_material", "inputs": [3], "_output": [0, 1, 2, 3, 4, 5, 6], "value_inputs": ["rubber"]}, {"type": "union", "inputs": [2, 4], "_output": [0, 1, 2, 3, 4, 5, 6], "value_inputs": []}, {"type": "filter_color", "inputs": [5], "_output": [1], "value_inputs": ["yellow"]}, {"type": "count", "inputs": [6], "_output": 1, "value_inputs": []}], [{"type": "scene", "inputs": [], "_output": [0, 1, 2, 3, 4, 5], "value_inputs": []}, {"type": "filter_material", "inputs": [0], "_output": [0, 3, 4], "value_inputs": ["rubber"]}, {"type": "filter_shape", "inputs": [1], "_output": [3, 4], "value_inputs": ["cylinder"]}, {"type": "scene", "inputs": [], "_output": [0, 1, 2, 3, 4, 5], "value_inputs": []}, {"type": "filter_material", "inputs": [3], "_output": [0, 3, 4], "value_inputs": ["rubber"]}, {"type": "union", "inputs": [2, 4], "_output": [0, 3, 4], "value_inputs": []}, {"type": "filter_color", "inputs": [5], "_output": [], "value_inputs": ["yellow"]}, {"type": "count", "inputs": [6], "_output": 0, "value_inputs": []}], [{"type": "scene", "inputs": [], "_output": [0, 1, 2, 3, 4, 5], "value_inputs": []}, {"type": "filter_material", "inputs": [0], "_output": [0, 3, 5], "value_inputs": ["rubber"]}, {"type": "filter_shape", "inputs": [1], "_output": [0], "value_inputs": ["cylinder"]}, {"type": "scene", "inputs": [], "_output": [0, 1, 2, 3, 4, 5], "value_inputs": []}, {"type": "filter_material", "inputs": [3], "_output": [0, 3, 5], "value_inputs": ["rubber"]}, {"type": "union", "inputs": [2, 4], "_output": [0, 3, 5], "value_inputs": []}, {"type": "filter_color", "inputs": [5], "_output": [], "value_inputs": ["yellow"]}, {"type": "count", "inputs": [6], "_output": 0, "value_inputs": []}], [{"type": "scene", "inputs": [], "_output": [0, 1, 2, 3], "value_inputs": []}, {"type": "filter_material", "inputs": [0], "_output": [0, 1, 2], "value_inputs": ["rubber"]}, {"type": "filter_shape", "inputs": [1], "_output": [2], "value_inputs": ["cylinder"]}, {"type": "scene", "inputs": [], "_output": [0, 1, 2, 3], "value_inputs": []}, {"type": "filter_material", "inputs": [3], "_output": [0, 1, 2], "value_inputs": ["rubber"]}, {"type": "union", "inputs": [2, 4], "_output": [0, 1, 2], "value_inputs": []}, {"type": "filter_color", "inputs": [5], "_output": [0], "value_inputs": ["yellow"]}, {"type": "count", "inputs": [6], "_output": 1, "value_inputs": []}]]}, {"split": "train", "question": "How many purple things are rubber things or large things?", "template_filename": "1_single_or", "template_index": 2, "question_index": 12, "image_filenames": ["CLEVR_train_002057.png", "CLEVR_train_002751.png", "CLEVR_train_002729.png", "CLEVR_train_004580.png", "CLEVR_train_004495.png"], "image_indices": [2057, 2751, 2729, 4580, 4495], "answers": [1, 0, 1, 0, 1], "program": [[{"type": "scene", "inputs": [], "_output": [0, 1, 2, 3, 4, 5, 6, 7], "value_inputs": []}, {"type": "filter_material", "inputs": [0], "_output": [3, 4, 7], "value_inputs": ["rubber"]}, {"type": "scene", "inputs": [], "_output": [0, 1, 2, 3, 4, 5, 6, 7], "value_inputs": []}, {"type": "filter_size", "inputs": [2], "_output": [0, 2, 3, 7], "value_inputs": ["large"]}, {"type": "union", "inputs": [1, 3], "_output": [0, 2, 3, 4, 7], "value_inputs": []}, {"type": "filter_color", "inputs": [4], "_output": [2], "value_inputs": ["purple"]}, {"type": "count", "inputs": [5], "_output": 1, "value_inputs": []}], [{"type": "scene", "inputs": [], "_output": [0, 1, 2, 3, 4, 5], "value_inputs": []}, {"type": "filter_material", "inputs": [0], "_output": [0, 3, 5], "value_inputs": []}, {"type": "scene", "inputs": [], "_output": [0, 1, 2, 3, 4, 5], "value_inputs": []}, {"type": "filter_size", "inputs": [2], "_output": [0, 1, 2, 4], "value_inputs": ["large"]}, {"type": "union", "inputs": [1, 3], "_output": [0, 1, 2, 3, 4, 5], "value_inputs": []}, {"type": "filter_color", "inputs": [4], "_output": [], "value_inputs": ["purple"]}, {"type": "count", "inputs": [5], "_output": 0, "value_inputs": []}], [{"type": "scene", "inputs": [], "_output": [0, 1, 2, 3, 4], "value_inputs": []}, {"type": "filter_material", "inputs": [0], "_output": [0, 3, 4], "value_inputs": []}, {"type": "scene", "inputs": [], "_output": [0, 1, 2, 3, 4], "value_inputs": []}, {"type": "filter_size", "inputs": [2], "_output": [1, 4], "value_inputs": ["large"]}, {"type": "union", "inputs": [1, 3], "_output": [0, 1, 3, 4], "value_inputs": []}, {"type": "filter_color", "inputs": [4], "_output": [0], "value_inputs": ["purple"]}, {"type": "count", "inputs": [5], "_output": 1, "value_inputs": []}], [{"type": "scene", "inputs": [], "_output": [0, 1, 2, 3], "value_inputs": []}, {"type": "filter_material", "inputs": [0], "_output": [1, 3], "value_inputs": ["rubber"]}, {"type": "scene", "inputs": [], "_output": [0, 1, 2, 3], "value_inputs": []}, {"type": "filter_size", "inputs": [2], "_output": [0, 1, 3], "value_inputs": ["large"]}, {"type": "union", "inputs": [1, 3], "_output": [0, 1, 3], "value_inputs": []}, {"type": "filter_color", "inputs": [4], "_output": [], "value_inputs": ["purple"]}, {"type": "count", "inputs": [5], "_output": 0, "value_inputs": []}], [{"type": "scene", "inputs": [], "_output": [0, 1, 2, 3, 4], "value_inputs": []}, {"type": "filter_material", "inputs": [0], "_output": [1], "value_inputs": ["rubber"]}, {"type": "scene", "inputs": [], "_output": [0, 1, 2, 3, 4], "value_inputs": []}, {"type": "filter_size", "inputs": [2], "_output": [0, 2], "value_inputs": ["large"]}, {"type": "union", "inputs": [1, 3], "_output": [0, 1, 2], "value_inputs": []}, {"type": "filter_color", "inputs": [4], "_output": [0], "value_inputs": ["purple"]}, {"type": "count", "inputs": [5], "_output": 1, "value_inputs": []}]]}, {"split": "train", "question": "How many purple objects are either rubber things or cylinders?", "template_filename": "1_single_or", "template_index": 2, "question_index": 13, "image_filenames": ["CLEVR_train_000265.png", "CLEVR_train_001698.png", "CLEVR_train_002729.png", "CLEVR_train_002751.png", "CLEVR_train_000566.png"], "image_indices": [265, 1698, 2729, 2751, 566], "answers": [0, 1, 1, 0, 0], "program": [[{"type": "scene", "inputs": [], "_output": [0, 1, 2, 3, 4, 5, 6], "value_inputs": []}, {"type": "filter_material", "inputs": [0], "_output": [0, 1, 2, 3, 4, 5, 6], "value_inputs": ["rubber"]}, {"type": "scene", "inputs": [], "_output": [0, 1, 2, 3, 4, 5, 6], "value_inputs": []}, {"type": "filter_shape", "inputs": [2], "_output": [4, 6], "value_inputs": ["cylinder"]}, {"type": "union", "inputs": [1, 3], "_output": [0, 1, 2, 3, 4, 5, 6], "value_inputs": []}, {"type": "filter_color", "inputs": [4], "_output": [], "value_inputs": ["purple"]}, {"type": "count", "inputs": [5], "_output": 0, "value_inputs": []}], [{"type": "scene", "inputs": [], "_output": [0, 1, 2, 3, 4, 5, 6, 7], "value_inputs": []}, {"type": "filter_material", "inputs": [0], "_output": [2], "value_inputs": ["rubber"]}, {"type": "scene", "inputs": [], "_output": [0, 1, 2, 3, 4, 5, 6, 7], "value_inputs": []}, {"type": "filter_shape", "inputs": [2], "_output": [2, 4, 6], "value_inputs": ["cylinder"]}, {"type": "union", "inputs": [1, 3], "_output": [2, 4, 6], "value_inputs": []}, {"type": "filter_color", "inputs": [4], "_output": [4], "value_inputs": ["purple"]}, {"type": "count", "inputs": [5], "_output": 1, "value_inputs": []}], [{"type": "scene", "inputs": [], "_output": [0, 1, 2, 3, 4], "value_inputs": []}, {"type": "filter_material", "inputs": [0], "_output": [0, 3, 4], "value_inputs": []}, {"type": "scene", "inputs": [], "_output": [0, 1, 2, 3, 4], "value_inputs": []}, {"type": "filter_shape", "inputs": [2], "_output": [0], "value_inputs": ["cylinder"]}, {"type": "union", "inputs": [1, 3], "_output": [0, 3, 4], "value_inputs": []}, {"type": "filter_color", "inputs": [4], "_output": [0], "value_inputs": ["purple"]}, {"type": "count", "inputs": [5], "_output": 1, "value_inputs": []}], [{"type": "scene", "inputs": [], "_output": [0, 1, 2, 3, 4, 5], "value_inputs": []}, {"type": "filter_material", "inputs": [0], "_output": [0, 3, 5], "value_inputs": []}, {"type": "scene", "inputs": [], "_output": [0, 1, 2, 3, 4, 5], "value_inputs": []}, {"type": "filter_shape", "inputs": [2], "_output": [0, 1], "value_inputs": ["cylinder"]}, {"type": "union", "inputs": [1, 3], "_output": [0, 1, 3, 5], "value_inputs": []}, {"type": "filter_color", "inputs": [4], "_output": [], "value_inputs": ["purple"]}, {"type": "count", "inputs": [5], "_output": 0, "value_inputs": []}], [{"type": "scene", "inputs": [], "_output": [0, 1, 2, 3, 4, 5], "value_inputs": []}, {"type": "filter_material", "inputs": [0], "_output": [0, 1, 3, 4, 5], "value_inputs": ["rubber"]}, {"type": "scene", "inputs": [], "_output": [0, 1, 2, 3, 4, 5], "value_inputs": []}, {"type": "filter_shape", "inputs": [2], "_output": [1, 5], "value_inputs": ["cylinder"]}, {"type": "union", "inputs": [1, 3], "_output": [0, 1, 3, 4, 5], "value_inputs": []}, {"type": "filter_color", "inputs": [4], "_output": [], "value_inputs": ["purple"]}, {"type": "count", "inputs": [5], "_output": 0, "value_inputs": []}]]}, {"split": "train", "question": "How many red objects are either large metal things or small rubber cylinders?", "template_filename": "1_single_or", "template_index": 2, "question_index": 14, "image_filenames": ["CLEVR_train_004836.png", "CLEVR_train_003357.png", "CLEVR_train_000843.png", "CLEVR_train_000638.png", "CLEVR_train_001504.png"], "image_indices": [4836, 3357, 843, 638, 1504], "answers": [1, 0, 0, 1, 0], "program": [[{"type": "scene", "inputs": [], "_output": [0, 1, 2, 3, 4, 5, 6], "value_inputs": []}, {"type": "filter_size", "inputs": [0], "_output": [3, 4, 6], "value_inputs": ["large"]}, {"type": "filter_material", "inputs": [1], "_output": [3, 4, 6], "value_inputs": ["metal"]}, {"type": "scene", "inputs": [], "_output": [0, 1, 2, 3, 4, 5, 6], "value_inputs": []}, {"type": "filter_size", "inputs": [3], "_output": [0, 1, 2, 5], "value_inputs": ["small"]}, {"type": "filter_material", "inputs": [4], "_output": [0, 5], "value_inputs": ["rubber"]}, {"type": "filter_shape", "inputs": [5], "_output": [0], "value_inputs": ["cylinder"]}, {"type": "union", "inputs": [2, 6], "_output": [0, 3, 4, 6], "value_inputs": []}, {"type": "filter_color", "inputs": [7], "_output": [3], "value_inputs": ["red"]}, {"type": "count", "inputs": [8], "_output": 1, "value_inputs": []}], [{"type": "scene", "inputs": [], "_output": [0, 1, 2], "value_inputs": []}, {"type": "filter_size", "inputs": [0], "_output": [0, 1], "value_inputs": ["large"]}, {"type": "filter_material", "inputs": [1], "_output": [0], "value_inputs": ["metal"]}, {"type": "scene", "inputs": [], "_output": [0, 1, 2], "value_inputs": []}, {"type": "filter_size", "inputs": [3], "_output": [2], "value_inputs": ["small"]}, {"type": "filter_material", "inputs": [4], "_output": [2], "value_inputs": ["rubber"]}, {"type": "filter_shape", "inputs": [5], "_output": [2], "value_inputs": ["cylinder"]}, {"type": "union", "inputs": [2, 6], "_output": [0, 2], "value_inputs": []}, {"type": "filter_color", "inputs": [7], "_output": [], "value_inputs": ["red"]}, {"type": "count", "inputs": [8], "_output": 0, "value_inputs": []}], [{"type": "scene", "inputs": [], "_output": [0, 1, 2, 3, 4, 5, 6, 7, 8], "value_inputs": []}, {"type": "filter_size", "inputs": [0], "_output": [0, 6, 7], "value_inputs": ["large"]}, {"type": "filter_material", "inputs": [1], "_output": [0, 7], "value_inputs": ["metal"]}, {"type": "scene", "inputs": [], "_output": [0, 1, 2, 3, 4, 5, 6, 7, 8], "value_inputs": []}, {"type": "filter_size", "inputs": [3], "_output": [1, 2, 3, 4, 5, 8], "value_inputs": ["small"]}, {"type": "filter_material", "inputs": [4], "_output": [2, 8], "value_inputs": ["rubber"]}, {"type": "filter_shape", "inputs": [5], "_output": [8], "value_inputs": ["cylinder"]}, {"type": "union", "inputs": [2, 6], "_output": [0, 7, 8], "value_inputs": []}, {"type": "filter_color", "inputs": [7], "_output": [], "value_inputs": ["red"]}, {"type": "count", "inputs": [8], "_output": 0, "value_inputs": []}], [{"type": "scene", "inputs": [], "_output": [0, 1, 2, 3, 4, 5], "value_inputs": []}, {"type": "filter_size", "inputs": [0], "_output": [2, 4], "value_inputs": ["large"]}, {"type": "filter_material", "inputs": [1], "_output": [4], "value_inputs": ["metal"]}, {"type": "scene", "inputs": [], "_output": [0, 1, 2, 3, 4, 5], "value_inputs": []}, {"type": "filter_size", "inputs": [3], "_output": [0, 1, 3, 5], "value_inputs": ["small"]}, {"type": "filter_material", "inputs": [4], "_output": [1, 3, 5], "value_inputs": ["rubber"]}, {"type": "filter_shape", "inputs": [5], "_output": [1, 5], "value_inputs": ["cylinder"]}, {"type": "union", "inputs": [2, 6], "_output": [1, 4, 5], "value_inputs": []}, {"type": "filter_color", "inputs": [7], "_output": [4], "value_inputs": ["red"]}, {"type": "count", "inputs": [8], "_output": 1, "value_inputs": []}], [{"type": "scene", "inputs": [], "_output": [0, 1, 2], "value_inputs": []}, {"type": "filter_size", "inputs": [0], "_output": [2], "value_inputs": ["large"]}, {"type": "filter_material", "inputs": [1], "_output": [2], "value_inputs": ["metal"]}, {"type": "scene", "inputs": [], "_output": [0, 1, 2], "value_inputs": []}, {"type": "filter_size", "inputs": [3], "_output": [0, 1], "value_inputs": ["small"]}, {"type": "filter_material", "inputs": [4], "_output": [0], "value_inputs": ["rubber"]}, {"type": "filter_shape", "inputs": [5], "_output": [0], "value_inputs": ["cylinder"]}, {"type": "union", "inputs": [2, 6], "_output": [0, 2], "value_inputs": []}, {"type": "filter_color", "inputs": [7], "_output": [], "value_inputs": ["red"]}, {"type": "count", "inputs": [8], "_output": 0, "value_inputs": []}]]}, {"split": "train", "question": "How many rubber things are either small spheres or large purple things?", "template_filename": "1_single_or", "template_index": 4, "question_index": 15, "image_filenames": ["CLEVR_train_000624.png", "CLEVR_train_001028.png", "CLEVR_train_003754.png", "CLEVR_train_000377.png", "CLEVR_train_003992.png"], "image_indices": [624, 1028, 3754, 377, 3992], "answers": [3, 1, 2, 0, 1], "program": [[{"type": "scene", "inputs": [], "_output": [0, 1, 2, 3, 4], "value_inputs": []}, {"type": "filter_size", "inputs": [0], "_output": [1, 2, 3, 4], "value_inputs": ["small"]}, {"type": "filter_shape", "inputs": [1], "_output": [1, 3], "value_inputs": ["sphere"]}, {"type": "scene", "inputs": [], "_output": [0, 1, 2, 3, 4], "value_inputs": []}, {"type": "filter_size", "inputs": [3], "_output": [0], "value_inputs": ["large"]}, {"type": "filter_color", "inputs": [4], "_output": [0], "value_inputs": ["purple"]}, {"type": "union", "inputs": [2, 5], "_output": [0, 1, 3], "value_inputs": []}, {"type": "filter_material", "inputs": [6], "_output": [0, 1, 3], "value_inputs": ["rubber"]}, {"type": "count", "inputs": [7], "_output": 3, "value_inputs": []}], [{"type": "scene", "inputs": [], "_output": [0, 1, 2, 3, 4, 5, 6, 7, 8, 9], "value_inputs": []}, {"type": "filter_size", "inputs": [0], "_output": [0, 1, 3, 4, 6, 8], "value_inputs": ["small"]}, {"type": "filter_shape", "inputs": [1], "_output": [8], "value_inputs": ["sphere"]}, {"type": "scene", "inputs": [], "_output": [0, 1, 2, 3, 4, 5, 6, 7, 8, 9], "value_inputs": []}, {"type": "filter_size", "inputs": [3], "_output": [2, 5, 7, 9], "value_inputs": ["large"]}, {"type": "filter_color", "inputs": [4], "_output": [5], "value_inputs": ["purple"]}, {"type": "union", "inputs": [2, 5], "_output": [5, 8], "value_inputs": []}, {"type": "filter_material", "inputs": [6], "_output": [8], "value_inputs": ["rubber"]}, {"type": "count", "inputs": [7], "_output": 1, "value_inputs": []}], [{"type": "scene", "inputs": [], "_output": [0, 1, 2, 3], "value_inputs": []}, {"type": "filter_size", "inputs": [0], "_output": [2], "value_inputs": ["small"]}, {"type": "filter_shape", "inputs": [1], "_output": [2], "value_inputs": ["sphere"]}, {"type": "scene", "inputs": [], "_output": [0, 1, 2, 3], "value_inputs": []}, {"type": "filter_size", "inputs": [3], "_output": [0, 1, 3], "value_inputs": ["large"]}, {"type": "filter_color", "inputs": [4], "_output": [0], "value_inputs": ["purple"]}, {"type": "union", "inputs": [2, 5], "_output": [0, 2], "value_inputs": []}, {"type": "filter_material", "inputs": [6], "_output": [0, 2], "value_inputs": ["rubber"]}, {"type": "count", "inputs": [7], "_output": 2, "value_inputs": []}], [{"type": "scene", "inputs": [], "_output": [0, 1, 2, 3, 4, 5, 6], "value_inputs": []}, {"type": "filter_size", "inputs": [0], "_output": [0, 6], "value_inputs": ["small"]}, {"type": "filter_shape", "inputs": [1], "_output": [0], "value_inputs": ["sphere"]}, {"type": "scene", "inputs": [], "_output": [0, 1, 2, 3, 4, 5, 6], "value_inputs": []}, {"type": "filter_size", "inputs": [3], "_output": [1, 2, 3, 4, 5], "value_inputs": ["large"]}, {"type": "filter_color", "inputs": [4], "_output": [3], "value_inputs": ["purple"]}, {"type": "union", "inputs": [2, 5], "_output": [0, 3], "value_inputs": []}, {"type": "filter_material", "inputs": [6], "_output": [], "value_inputs": ["rubber"]}, {"type": "count", "inputs": [7], "_output": 0, "value_inputs": []}], [{"type": "scene", "inputs": [], "_output": [0, 1, 2, 3, 4, 5], "value_inputs": []}, {"type": "filter_size", "inputs": [0], "_output": [1, 4, 5], "value_inputs": ["small"]}, {"type": "filter_shape", "inputs": [1], "_output": [1], "value_inputs": ["sphere"]}, {"type": "scene", "inputs": [], "_output": [0, 1, 2, 3, 4, 5], "value_inputs": []}, {"type": "filter_size", "inputs": [3], "_output": [0, 2, 3], "value_inputs": ["large"]}, {"type": "filter_color", "inputs": [4], "_output": [0], "value_inputs": ["purple"]}, {"type": "union", "inputs": [2, 5], "_output": [0, 1], "value_inputs": []}, {"type": "filter_material", "inputs": [6], "_output": [1], "value_inputs": ["rubber"]}, {"type": "count", "inputs": [7], "_output": 1, "value_inputs": []}]]}, {"split": "train", "question": "What number of rubber things are large spheres or large things?", "template_filename": "1_single_or", "template_index": 4, "question_index": 16, "image_filenames": ["CLEVR_train_004733.png", "CLEVR_train_003328.png", "CLEVR_train_001744.png", "CLEVR_train_004107.png", "CLEVR_train_004068.png"], "image_indices": [4733, 3328, 1744, 4107, 4068], "answers": [3, 4, 3, 3, 3], "program": [[{"type": "scene", "inputs": [], "_output": [0, 1, 2, 3, 4, 5, 6], "value_inputs": []}, {"type": "filter_size", "inputs": [0], "_output": [3, 4, 5], "value_inputs": ["large"]}, {"type": "filter_shape", "inputs": [1], "_output": [4], "value_inputs": ["sphere"]}, {"type": "scene", "inputs": [], "_output": [0, 1, 2, 3, 4, 5, 6], "value_inputs": []}, {"type": "filter_size", "inputs": [3], "_output": [3, 4, 5], "value_inputs": ["large"]}, {"type": "union", "inputs": [2, 4], "_output": [3, 4, 5], "value_inputs": []}, {"type": "filter_material", "inputs": [5], "_output": [3, 4, 5], "value_inputs": ["rubber"]}, {"type": "count", "inputs": [6], "_output": 3, "value_inputs": []}], [{"type": "scene", "inputs": [], "_output": [0, 1, 2, 3, 4, 5, 6, 7, 8, 9], "value_inputs": []}, {"type": "filter_size", "inputs": [0], "_output": [0, 2, 3, 5, 6, 8, 9], "value_inputs": ["large"]}, {"type": "filter_shape", "inputs": [1], "_output": [3, 6, 9], "value_inputs": ["sphere"]}, {"type": "scene", "inputs": [], "_output": [0, 1, 2, 3, 4, 5, 6, 7, 8, 9], "value_inputs": []}, {"type": "filter_size", "inputs": [3], "_output": [0, 2, 3, 5, 6, 8, 9], "value_inputs": ["large"]}, {"type": "union", "inputs": [2, 4], "_output": [0, 2, 3, 5, 6, 8, 9], "value_inputs": []}, {"type": "filter_material", "inputs": [5], "_output": [0, 3, 5, 9], "value_inputs": ["rubber"]}, {"type": "count", "inputs": [6], "_output": 4, "value_inputs": []}], [{"type": "scene", "inputs": [], "_output": [0, 1, 2, 3, 4, 5, 6, 7, 8], "value_inputs": []}, {"type": "filter_size", "inputs": [0], "_output": [0, 2, 5, 7], "value_inputs": ["large"]}, {"type": "filter_shape", "inputs": [1], "_output": [7], "value_inputs": ["sphere"]}, {"type": "scene", "inputs": [], "_output": [0, 1, 2, 3, 4, 5, 6, 7, 8], "value_inputs": []}, {"type": "filter_size", "inputs": [3], "_output": [0, 2, 5, 7], "value_inputs": ["large"]}, {"type": "union", "inputs": [2, 4], "_output": [0, 2, 5, 7], "value_inputs": []}, {"type": "filter_material", "inputs": [5], "_output": [0, 5, 7], "value_inputs": ["rubber"]}, {"type": "count", "inputs": [6], "_output": 3, "value_inputs": []}], [{"type": "scene", "inputs": [], "_output": [0, 1, 2, 3, 4, 5, 6, 7], "value_inputs": []}, {"type": "filter_size", "inputs": [0], "_output": [0, 1, 3], "value_inputs": ["large"]}, {"type": "filter_shape", "inputs": [1], "_output": [1, 3], "value_inputs": ["sphere"]}, {"type": "scene", "inputs": [], "_output": [0, 1, 2, 3, 4, 5, 6, 7], "value_inputs": []}, {"type": "filter_size", "inputs": [3], "_output": [0, 1, 3], "value_inputs": ["large"]}, {"type": "union", "inputs": [2, 4], "_output": [0, 1, 3], "value_inputs": []}, {"type": "filter_material", "inputs": [5], "_output": [0, 1, 3], "value_inputs": ["rubber"]}, {"type": "count", "inputs": [6], "_output": 3, "value_inputs": []}], [{"type": "scene", "inputs": [], "_output": [0, 1, 2, 3, 4, 5, 6, 7], "value_inputs": []}, {"type": "filter_size", "inputs": [0], "_output": [0, 1, 3, 5, 6, 7], "value_inputs": ["large"]}, {"type": "filter_shape", "inputs": [1], "_output": [5], "value_inputs": ["sphere"]}, {"type": "scene", "inputs": [], "_output": [0, 1, 2, 3, 4, 5, 6, 7], "value_inputs": []}, {"type": "filter_size", "inputs": [3], "_output": [0, 1, 3, 5, 6, 7], "value_inputs": ["large"]}, {"type": "union", "inputs": [2, 4], "_output": [0, 1, 3, 5, 6, 7], "value_inputs": []}, {"type": "filter_material", "inputs": [5], "_output": [0, 3, 5], "value_inputs": ["rubber"]}, {"type": "count", "inputs": [6], "_output": 3, "value_inputs": []}]]}, {"split": "train", "question": "How many metal objects are either green things or large things?", "template_filename": "1_single_or", "template_index": 4, "question_index": 17, "image_filenames": ["CLEVR_train_003828.png", "CLEVR_train_003827.png", "CLEVR_train_002253.png", "CLEVR_train_004068.png", "CLEVR_train_004497.png"], "image_indices": [3828, 3827, 2253, 4068, 4497], "answers": [3, 3, 2, 3, 0], "program": [[{"type": "scene", "inputs": [], "_output": [0, 1, 2, 3], "value_inputs": []}, {"type": "filter_color", "inputs": [0], "_output": [3], "value_inputs": ["green"]}, {"type": "scene", "inputs": [], "_output": [0, 1, 2, 3], "value_inputs": []}, {"type": "filter_size", "inputs": [2], "_output": [0, 2], "value_inputs": ["large"]}, {"type": "union", "inputs": [1, 3], "_output": [0, 2, 3], "value_inputs": []}, {"type": "filter_material", "inputs": [4], "_output": [0, 2, 3], "value_inputs": ["metal"]}, {"type": "count", "inputs": [5], "_output": 3, "value_inputs": []}], [{"type": "scene", "inputs": [], "_output": [0, 1, 2, 3, 4, 5, 6], "value_inputs": []}, {"type": "filter_color", "inputs": [0], "_output": [2], "value_inputs": ["green"]}, {"type": "scene", "inputs": [], "_output": [0, 1, 2, 3, 4, 5, 6], "value_inputs": []}, {"type": "filter_size", "inputs": [2], "_output": [0, 1, 2, 4], "value_inputs": ["large"]}, {"type": "union", "inputs": [1, 3], "_output": [0, 1, 2, 4], "value_inputs": []}, {"type": "filter_material", "inputs": [4], "_output": [0, 2, 4], "value_inputs": ["metal"]}, {"type": "count", "inputs": [5], "_output": 3, "value_inputs": []}], [{"type": "scene", "inputs": [], "_output": [0, 1, 2, 3], "value_inputs": []}, {"type": "filter_color", "inputs": [0], "_output": [1, 3], "value_inputs": ["green"]}, {"type": "scene", "inputs": [], "_output": [0, 1, 2, 3], "value_inputs": []}, {"type": "filter_size", "inputs": [2], "_output": [0, 1, 2], "value_inputs": ["large"]}, {"type": "union", "inputs": [1, 3], "_output": [0, 1, 2, 3], "value_inputs": []}, {"type": "filter_material", "inputs": [4], "_output": [0, 2], "value_inputs": ["metal"]}, {"type": "count", "inputs": [5], "_output": 2, "value_inputs": []}], [{"type": "scene", "inputs": [], "_output": [0, 1, 2, 3, 4, 5, 6, 7], "value_inputs": []}, {"type": "filter_color", "inputs": [0], "_output": [0], "value_inputs": ["green"]}, {"type": "scene", "inputs": [], "_output": [0, 1, 2, 3, 4, 5, 6, 7], "value_inputs": []}, {"type": "filter_size", "inputs": [2], "_output": [0, 1, 3, 5, 6, 7], "value_inputs": ["large"]}, {"type": "union", "inputs": [1, 3], "_output": [0, 1, 3, 5, 6, 7], "value_inputs": []}, {"type": "filter_material", "inputs": [4], "_output": [1, 6, 7], "value_inputs": ["metal"]}, {"type": "count", "inputs": [5], "_output": 3, "value_inputs": []}], [{"type": "scene", "inputs": [], "_output": [0, 1, 2, 3, 4, 5, 6, 7], "value_inputs": []}, {"type": "filter_color", "inputs": [0], "_output": [2, 3], "value_inputs": ["green"]}, {"type": "scene", "inputs": [], "_output": [0, 1, 2, 3, 4, 5, 6, 7], "value_inputs": []}, {"type": "filter_size", "inputs": [2], "_output": [0, 1, 5], "value_inputs": ["large"]}, {"type": "union", "inputs": [1, 3], "_output": [0, 1, 2, 3, 5], "value_inputs": []}, {"type": "filter_material", "inputs": [4], "_output": [], "value_inputs": ["metal"]}, {"type": "count", "inputs": [5], "_output": 0, "value_inputs": []}]]}, {"split": "train", "question": "What number of rubber objects are purple things or cylinders?", "template_filename": "1_single_or", "template_index": 4, "question_index": 18, "image_filenames": ["CLEVR_train_003754.png", "CLEVR_train_001666.png", "CLEVR_train_003328.png", "CLEVR_train_000330.png", "CLEVR_train_003912.png"], "image_indices": [3754, 1666, 3328, 330, 3912], "answers": [2, 0, 1, 0, 3], "program": [[{"type": "scene", "inputs": [], "_output": [0, 1, 2, 3], "value_inputs": []}, {"type": "filter_color", "inputs": [0], "_output": [0], "value_inputs": ["purple"]}, {"type": "scene", "inputs": [], "_output": [0, 1, 2, 3], "value_inputs": []}, {"type": "filter_shape", "inputs": [2], "_output": [0, 1, 3], "value_inputs": ["cylinder"]}, {"type": "union", "inputs": [1, 3], "_output": [0, 1, 3], "value_inputs": []}, {"type": "filter_material", "inputs": [4], "_output": [0, 3], "value_inputs": ["rubber"]}, {"type": "count", "inputs": [5], "_output": 2, "value_inputs": []}], [{"type": "scene", "inputs": [], "_output": [0, 1, 2, 3], "value_inputs": []}, {"type": "filter_color", "inputs": [0], "_output": [0], "value_inputs": ["purple"]}, {"type": "scene", "inputs": [], "_output": [0, 1, 2, 3], "value_inputs": []}, {"type": "filter_shape", "inputs": [2], "_output": [0, 3], "value_inputs": ["cylinder"]}, {"type": "union", "inputs": [1, 3], "_output": [0, 3], "value_inputs": []}, {"type": "filter_material", "inputs": [4], "_output": [], "value_inputs": ["rubber"]}, {"type": "count", "inputs": [5], "_output": 0, "value_inputs": []}], [{"type": "scene", "inputs": [], "_output": [0, 1, 2, 3, 4, 5, 6, 7, 8, 9], "value_inputs": []}, {"type": "filter_color", "inputs": [0], "_output": [9], "value_inputs": ["purple"]}, {"type": "scene", "inputs": [], "_output": [0, 1, 2, 3, 4, 5, 6, 7, 8, 9], "value_inputs": []}, {"type": "filter_shape", "inputs": [2], "_output": [2, 8], "value_inputs": ["cylinder"]}, {"type": "union", "inputs": [1, 3], "_output": [2, 8, 9], "value_inputs": []}, {"type": "filter_material", "inputs": [4], "_output": [9], "value_inputs": ["rubber"]}, {"type": "count", "inputs": [5], "_output": 1, "value_inputs": []}], [{"type": "scene", "inputs": [], "_output": [0, 1, 2, 3, 4], "value_inputs": []}, {"type": "filter_color", "inputs": [0], "_output": [4], "value_inputs": ["purple"]}, {"type": "scene", "inputs": [], "_output": [0, 1, 2, 3, 4], "value_inputs": []}, {"type": "filter_shape", "inputs": [2], "_output": [3, 4], "value_inputs": ["cylinder"]}, {"type": "union", "inputs": [1, 3], "_output": [3, 4], "value_inputs": []}, {"type": "filter_material", "inputs": [4], "_output": [], "value_inputs": ["rubber"]}, {"type": "count", "inputs": [5], "_output": 0, "value_inputs": []}], [{"type": "scene", "inputs": [], "_output": [0, 1, 2, 3, 4, 5, 6, 7, 8], "value_inputs": []}, {"type": "filter_color", "inputs": [0], "_output": [1, 4], "value_inputs": ["purple"]}, {"type": "scene", "inputs": [], "_output": [0, 1, 2, 3, 4, 5, 6, 7, 8], "value_inputs": []}, {"type": "filter_shape", "inputs": [2], "_output": [0, 1, 2], "value_inputs": ["cylinder"]}, {"type": "union", "inputs": [1, 3], "_output": [0, 1, 2, 4], "value_inputs": []}, {"type": "filter_material", "inputs": [4], "_output": [1, 2, 4], "value_inputs": ["rubber"]}, {"type": "count", "inputs": [5], "_output": 3, "value_inputs": []}]]}, {"split": "train", "question": "What number of metal things are either large spheres or large red things?", "template_filename": "1_single_or", "template_index": 4, "question_index": 19, "image_filenames": ["CLEVR_train_000404.png", "CLEVR_train_001867.png", "CLEVR_train_003355.png", "CLEVR_train_003109.png", "CLEVR_train_003705.png"], "image_indices": [404, 1867, 3355, 3109, 3705], "answers": [2, 1, 1, 0, 2], "program": [[{"type": "scene", "inputs": [], "_output": [0, 1, 2, 3, 4, 5], "value_inputs": []}, {"type": "filter_size", "inputs": [0], "_output": [1, 2, 4, 5], "value_inputs": ["large"]}, {"type": "filter_shape", "inputs": [1], "_output": [4], "value_inputs": ["sphere"]}, {"type": "scene", "inputs": [], "_output": [0, 1, 2, 3, 4, 5], "value_inputs": []}, {"type": "filter_size", "inputs": [3], "_output": [1, 2, 4, 5], "value_inputs": ["large"]}, {"type": "filter_color", "inputs": [4], "_output": [2], "value_inputs": ["red"]}, {"type": "union", "inputs": [2, 5], "_output": [2, 4], "value_inputs": []}, {"type": "filter_material", "inputs": [6], "_output": [2, 4], "value_inputs": ["metal"]}, {"type": "count", "inputs": [7], "_output": 2, "value_inputs": []}], [{"type": "scene", "inputs": [], "_output": [0, 1, 2, 3], "value_inputs": []}, {"type": "filter_size", "inputs": [0], "_output": [0, 1, 2, 3], "value_inputs": ["large"]}, {"type": "filter_shape", "inputs": [1], "_output": [2, 3], "value_inputs": ["sphere"]}, {"type": "scene", "inputs": [], "_output": [0, 1, 2, 3], "value_inputs": []}, {"type": "filter_size", "inputs": [3], "_output": [0, 1, 2, 3], "value_inputs": ["large"]}, {"type": "filter_color", "inputs": [4], "_output": [1], "value_inputs": ["red"]}, {"type": "union", "inputs": [2, 5], "_output": [1, 2, 3], "value_inputs": []}, {"type": "filter_material", "inputs": [6], "_output": [2], "value_inputs": ["metal"]}, {"type": "count", "inputs": [7], "_output": 1, "value_inputs": []}], [{"type": "scene", "inputs": [], "_output": [0, 1, 2, 3, 4, 5, 6], "value_inputs": []}, {"type": "filter_size", "inputs": [0], "_output": [0, 2, 3], "value_inputs": ["large"]}, {"type": "filter_shape", "inputs": [1], "_output": [0, 2, 3], "value_inputs": ["sphere"]}, {"type": "scene", "inputs": [], "_output": [0, 1, 2, 3, 4, 5, 6], "value_inputs": []}, {"type": "filter_size", "inputs": [3], "_output": [0, 2, 3], "value_inputs": ["large"]}, {"type": "filter_color", "inputs": [4], "_output": [3], "value_inputs": ["red"]}, {"type": "union", "inputs": [2, 5], "_output": [0, 2, 3], "value_inputs": []}, {"type": "filter_material", "inputs": [6], "_output": [2], "value_inputs": ["metal"]}, {"type": "count", "inputs": [7], "_output": 1, "value_inputs": []}], [{"type": "scene", "inputs": [], "_output": [0, 1, 2, 3, 4, 5, 6], "value_inputs": []}, {"type": "filter_size", "inputs": [0], "_output": [0, 1, 3, 4, 6], "value_inputs": ["large"]}, {"type": "filter_shape", "inputs": [1], "_output": [1], "value_inputs": ["sphere"]}, {"type": "scene", "inputs": [], "_output": [0, 1, 2, 3, 4, 5, 6], "value_inputs": []}, {"type": "filter_size", "inputs": [3], "_output": [0, 1, 3, 4, 6], "value_inputs": ["large"]}, {"type": "filter_color", "inputs": [4], "_output": [4], "value_inputs": ["red"]}, {"type": "union", "inputs": [2, 5], "_output": [1, 4], "value_inputs": []}, {"type": "filter_material", "inputs": [6], "_output": [], "value_inputs": ["metal"]}, {"type": "count", "inputs": [7], "_output": 0, "value_inputs": []}], [{"type": "scene", "inputs": [], "_output": [0, 1, 2, 3, 4, 5], "value_inputs": []}, {"type": "filter_size", "inputs": [0], "_output": [0, 3, 4], "value_inputs": ["large"]}, {"type": "filter_shape", "inputs": [1], "_output": [0, 4], "value_inputs": ["sphere"]}, {"type": "scene", "inputs": [], "_output": [0, 1, 2, 3, 4, 5], "value_inputs": []}, {"type": "filter_size", "inputs": [3], "_output": [0, 3, 4], "value_inputs": ["large"]}, {"type": "filter_color", "inputs": [4], "_output": [3], "value_inputs": ["red"]}, {"type": "union", "inputs": [2, 5], "_output": [0, 3, 4], "value_inputs": []}, {"type": "filter_material", "inputs": [6], "_output": [3, 4], "value_inputs": ["metal"]}, {"type": "count", "inputs": [7], "_output": 2, "value_inputs": []}]]}, {"split": "train", "question": "What number of cylinders are either large rubber things or small blue rubber things?", "template_filename": "1_single_or", "template_index": 5, "question_index": 20, "image_filenames": ["CLEVR_train_001581.png", "CLEVR_train_001472.png", "CLEVR_train_004693.png", "CLEVR_train_000329.png", "CLEVR_train_003116.png"], "image_indices": [1581, 1472, 4693, 329, 3116], "answers": [2, 3, 1, 4, 1], "program": [[{"type": "scene", "inputs": [], "_output": [0, 1, 2, 3], "value_inputs": []}, {"type": "scene", "inputs": [], "_output": [0, 1, 2, 3], "value_inputs": []}, {"type": "filter_size", "inputs": [0], "_output": [0], "value_inputs": ["large"]}, {"type": "filter_material", "inputs": [2], "_output": [0], "value_inputs": ["rubber"]}, {"type": "filter_size", "inputs": [1], "_output": [1, 2, 3], "value_inputs": ["small"]}, {"type": "filter_color", "inputs": [4], "_output": [1], "value_inputs": ["blue"]}, {"type": "filter_material", "inputs": [5], "_output": [1], "value_inputs": ["rubber"]}, {"type": "union", "inputs": [3, 6], "_output": [0, 1], "value_inputs": []}, {"type": "filter_shape", "inputs": [7], "_output": [0, 1], "value_inputs": ["cylinder"]}, {"type": "count", "inputs": [8], "_output": 2, "value_inputs": []}], [{"type": "scene", "inputs": [], "_output": [0, 1, 2, 3, 4, 5, 6, 7, 8, 9], "value_inputs": []}, {"type": "scene", "inputs": [], "_output": [0, 1, 2, 3, 4, 5, 6, 7, 8, 9], "value_inputs": []}, {"type": "filter_size", "inputs": [0], "_output": [0, 2, 3, 5, 7, 9], "value_inputs": ["large"]}, {"type": "filter_material", "inputs": [2], "_output": [2, 5], "value_inputs": ["rubber"]}, {"type": "filter_size", "inputs": [1], "_output": [1, 4, 6, 8], "value_inputs": ["small"]}, {"type": "filter_color", "inputs": [4], "_output": [8], "value_inputs": ["blue"]}, {"type": "filter_material", "inputs": [5], "_output": [8], "value_inputs": ["rubber"]}, {"type": "union", "inputs": [3, 6], "_output": [2, 5, 8], "value_inputs": []}, {"type": "filter_shape", "inputs": [7], "_output": [2, 5, 8], "value_inputs": ["cylinder"]}, {"type": "count", "inputs": [8], "_output": 3, "value_inputs": []}], [{"type": "scene", "inputs": [], "_output": [0, 1, 2, 3, 4, 5, 6, 7, 8], "value_inputs": []}, {"type": "scene", "inputs": [], "_output": [0, 1, 2, 3, 4, 5, 6, 7, 8], "value_inputs": []}, {"type": "filter_size", "inputs": [0], "_output": [0, 1, 2, 3, 4, 7], "value_inputs": ["large"]}, {"type": "filter_material", "inputs": [2], "_output": [1, 2, 3, 4, 7], "value_inputs": ["rubber"]}, {"type": "filter_size", "inputs": [1], "_output": [5, 6, 8], "value_inputs": ["small"]}, {"type": "filter_color", "inputs": [4], "_output": [5, 6], "value_inputs": ["blue"]}, {"type": "filter_material", "inputs": [5], "_output": [5, 6], "value_inputs": ["rubber"]}, {"type": "union", "inputs": [3, 6], "_output": [1, 2, 3, 4, 5, 6, 7], "value_inputs": []}, {"type": "filter_shape", "inputs": [7], "_output": [5], "value_inputs": ["cylinder"]}, {"type": "count", "inputs": [8], "_output": 1, "value_inputs": []}], [{"type": "scene", "inputs": [], "_output": [0, 1, 2, 3, 4, 5, 6, 7, 8, 9], "value_inputs": []}, {"type": "scene", "inputs": [], "_output": [0, 1, 2, 3, 4, 5, 6, 7, 8, 9], "value_inputs": []}, {"type": "filter_size", "inputs": [0], "_output": [3, 5, 6, 8], "value_inputs": ["large"]}, {"type": "filter_material", "inputs": [2], "_output": [3, 6, 8], "value_inputs": ["rubber"]}, {"type": "filter_size", "inputs": [1], "_output": [0, 1, 2, 4, 7, 9], "value_inputs": ["small"]}, {"type": "filter_color", "inputs": [4], "_output": [0, 4, 9], "value_inputs": ["blue"]}, {"type": "filter_material", "inputs": [5], "_output": [0, 9], "value_inputs": ["rubber"]}, {"type": "union", "inputs": [3, 6], "_output": [0, 3, 6, 8, 9], "value_inputs": []}, {"type": "filter_shape", "inputs": [7], "_output": [0, 3, 6, 8], "value_inputs": ["cylinder"]}, {"type": "count", "inputs": [8], "_output": 4, "value_inputs": []}], [{"type": "scene", "inputs": [], "_output": [0, 1, 2, 3, 4, 5, 6], "value_inputs": []}, {"type": "scene", "inputs": [], "_output": [0, 1, 2, 3, 4, 5, 6], "value_inputs": []}, {"type": "filter_size", "inputs": [0], "_output": [0, 2, 6], "value_inputs": ["large"]}, {"type": "filter_material", "inputs": [2], "_output": [2, 6], "value_inputs": ["rubber"]}, {"type": "filter_size", "inputs": [1], "_output": [1, 3, 4, 5], "value_inputs": ["small"]}, {"type": "filter_color", "inputs": [4], "_output": [4], "value_inputs": ["blue"]}, {"type": "filter_material", "inputs": [5], "_output": [4], "value_inputs": ["rubber"]}, {"type": "union", "inputs": [3, 6], "_output": [2, 4, 6], "value_inputs": []}, {"type": "filter_shape", "inputs": [7], "_output": [2], "value_inputs": ["cylinder"]}, {"type": "count", "inputs": [8], "_output": 1, "value_inputs": []}]]}, {"split": "train", "question": "What number of spheres are small gray things or small metal things?", "template_filename": "1_single_or", "template_index": 5, "question_index": 21, "image_filenames": ["CLEVR_train_002741.png", "CLEVR_train_002749.png", "CLEVR_train_000751.png", "CLEVR_train_002870.png", "CLEVR_train_001042.png"], "image_indices": [2741, 2749, 751, 2870, 1042], "answers": [0, 2, 1, 0, 1], "program": [[{"type": "scene", "inputs": [], "_output": [0, 1, 2, 3, 4, 5], "value_inputs": []}, {"type": "scene", "inputs": [], "_output": [0, 1, 2, 3, 4, 5], "value_inputs": []}, {"type": "filter_size", "inputs": [0], "_output": [0, 2, 5], "value_inputs": ["small"]}, {"type": "filter_color", "inputs": [2], "_output": [0, 5], "value_inputs": ["gray"]}, {"type": "filter_size", "inputs": [1], "_output": [0, 2, 5], "value_inputs": ["small"]}, {"type": "filter_material", "inputs": [4], "_output": [0], "value_inputs": ["metal"]}, {"type": "union", "inputs": [3, 5], "_output": [0, 5], "value_inputs": []}, {"type": "filter_shape", "inputs": [6], "_output": [], "value_inputs": ["sphere"]}, {"type": "count", "inputs": [7], "_output": 0, "value_inputs": []}], [{"type": "scene", "inputs": [], "_output": [0, 1, 2, 3, 4, 5], "value_inputs": []}, {"type": "scene", "inputs": [], "_output": [0, 1, 2, 3, 4, 5], "value_inputs": []}, {"type": "filter_size", "inputs": [0], "_output": [0, 1, 3, 4], "value_inputs": ["small"]}, {"type": "filter_color", "inputs": [2], "_output": [4], "value_inputs": ["gray"]}, {"type": "filter_size", "inputs": [1], "_output": [0, 1, 3, 4], "value_inputs": ["small"]}, {"type": "filter_material", "inputs": [4], "_output": [0, 1, 3], "value_inputs": ["metal"]}, {"type": "union", "inputs": [3, 5], "_output": [0, 1, 3, 4], "value_inputs": []}, {"type": "filter_shape", "inputs": [6], "_output": [1, 4], "value_inputs": ["sphere"]}, {"type": "count", "inputs": [7], "_output": 2, "value_inputs": []}], [{"type": "scene", "inputs": [], "_output": [0, 1, 2, 3, 4, 5, 6, 7, 8, 9], "value_inputs": []}, {"type": "scene", "inputs": [], "_output": [0, 1, 2, 3, 4, 5, 6, 7, 8, 9], "value_inputs": []}, {"type": "filter_size", "inputs": [0], "_output": [0, 3, 5, 6, 8, 9], "value_inputs": ["small"]}, {"type": "filter_color", "inputs": [2], "_output": [0, 6, 8, 9], "value_inputs": ["gray"]}, {"type": "filter_size", "inputs": [1], "_output": [0, 3, 5, 6, 8, 9], "value_inputs": ["small"]}, {"type": "filter_material", "inputs": [4], "_output": [0, 3, 6, 8, 9], "value_inputs": ["metal"]}, {"type": "union", "inputs": [3, 5], "_output": [0, 3, 6, 8, 9], "value_inputs": []}, {"type": "filter_shape", "inputs": [6], "_output": [6], "value_inputs": ["sphere"]}, {"type": "count", "inputs": [7], "_output": 1, "value_inputs": []}], [{"type": "scene", "inputs": [], "_output": [0, 1, 2, 3, 4], "value_inputs": []}, {"type": "scene", "inputs": [], "_output": [0, 1, 2, 3, 4], "value_inputs": []}, {"type": "filter_size", "inputs": [0], "_output": [0, 1], "value_inputs": ["small"]}, {"type": "filter_color", "inputs": [2], "_output": [0], "value_inputs": ["gray"]}, {"type": "filter_size", "inputs": [1], "_output": [0, 1], "value_inputs": ["small"]}, {"type": "filter_material", "inputs": [4], "_output": [1], "value_inputs": ["metal"]}, {"type": "union", "inputs": [3, 5], "_output": [0, 1], "value_inputs": []}, {"type": "filter_shape", "inputs": [6], "_output": [], "value_inputs": ["sphere"]}, {"type": "count", "inputs": [7], "_output": 0, "value_inputs": []}], [{"type": "scene", "inputs": [], "_output": [0, 1, 2, 3], "value_inputs": []}, {"type": "scene", "inputs": [], "_output": [0, 1, 2, 3], "value_inputs": []}, {"type": "filter_size", "inputs": [0], "_output": [0, 2, 3], "value_inputs": ["small"]}, {"type": "filter_color", "inputs": [2], "_output": [0], "value_inputs": ["gray"]}, {"type": "filter_size", "inputs": [1], "_output": [0, 2, 3], "value_inputs": ["small"]}, {"type": "filter_material", "inputs": [4], "_output": [2], "value_inputs": ["metal"]}, {"type": "union", "inputs": [3, 5], "_output": [0, 2], "value_inputs": []}, {"type": "filter_shape", "inputs": [6], "_output": [2], "value_inputs": ["sphere"]}, {"type": "count", "inputs": [7], "_output": 1, "value_inputs": []}]]}, {"split": "train", "question": "How many cylinders are brown things or small rubber things?", "template_filename": "1_single_or", "template_index": 5, "question_index": 22, "image_filenames": ["CLEVR_train_002060.png", "CLEVR_train_003116.png", "CLEVR_train_001998.png", "CLEVR_train_000751.png", "CLEVR_train_002104.png"], "image_indices": [2060, 3116, 1998, 751, 2104], "answers": [2, 0, 1, 3, 0], "program": [[{"type": "scene", "inputs": [], "_output": [0, 1, 2, 3, 4, 5, 6], "value_inputs": []}, {"type": "scene", "inputs": [], "_output": [0, 1, 2, 3, 4, 5, 6], "value_inputs": []}, {"type": "filter_color", "inputs": [0], "_output": [0], "value_inputs": ["brown"]}, {"type": "filter_size", "inputs": [1], "_output": [0, 1, 3, 6], "value_inputs": ["small"]}, {"type": "filter_material", "inputs": [3], "_output": [0, 1, 6], "value_inputs": ["rubber"]}, {"type": "union", "inputs": [2, 4], "_output": [0, 1, 6], "value_inputs": []}, {"type": "filter_shape", "inputs": [5], "_output": [0, 1], "value_inputs": ["cylinder"]}, {"type": "count", "inputs": [6], "_output": 2, "value_inputs": []}], [{"type": "scene", "inputs": [], "_output": [0, 1, 2, 3, 4, 5, 6], "value_inputs": []}, {"type": "scene", "inputs": [], "_output": [0, 1, 2, 3, 4, 5, 6], "value_inputs": []}, {"type": "filter_color", "inputs": [0], "_output": [1, 5], "value_inputs": ["brown"]}, {"type": "filter_size", "inputs": [1], "_output": [1, 3, 4, 5], "value_inputs": ["small"]}, {"type": "filter_material", "inputs": [3], "_output": [4], "value_inputs": ["rubber"]}, {"type": "union", "inputs": [2, 4], "_output": [1, 4, 5], "value_inputs": []}, {"type": "filter_shape", "inputs": [5], "_output": [], "value_inputs": ["cylinder"]}, {"type": "count", "inputs": [6], "_output": 0, "value_inputs": []}], [{"type": "scene", "inputs": [], "_output": [0, 1, 2, 3, 4, 5, 6, 7, 8], "value_inputs": []}, {"type": "scene", "inputs": [], "_output": [0, 1, 2, 3, 4, 5, 6, 7, 8], "value_inputs": []}, {"type": "filter_color", "inputs": [0], "_output": [3], "value_inputs": ["brown"]}, {"type": "filter_size", "inputs": [1], "_output": [0, 3, 5, 6, 7, 8], "value_inputs": ["small"]}, {"type": "filter_material", "inputs": [3], "_output": [0, 5, 6, 8], "value_inputs": ["rubber"]}, {"type": "union", "inputs": [2, 4], "_output": [0, 3, 5, 6, 8], "value_inputs": []}, {"type": "filter_shape", "inputs": [5], "_output": [0], "value_inputs": ["cylinder"]}, {"type": "count", "inputs": [6], "_output": 1, "value_inputs": []}], [{"type": "scene", "inputs": [], "_output": [0, 1, 2, 3, 4, 5, 6, 7, 8, 9], "value_inputs": []}, {"type": "scene", "inputs": [], "_output": [0, 1, 2, 3, 4, 5, 6, 7, 8, 9], "value_inputs": []}, {"type": "filter_color", "inputs": [0], "_output": [2, 3], "value_inputs": ["brown"]}, {"type": "filter_size", "inputs": [1], "_output": [0, 3, 5, 6, 8, 9], "value_inputs": ["small"]}, {"type": "filter_material", "inputs": [3], "_output": [5], "value_inputs": ["rubber"]}, {"type": "union", "inputs": [2, 4], "_output": [2, 3, 5], "value_inputs": []}, {"type": "filter_shape", "inputs": [5], "_output": [2, 3, 5], "value_inputs": ["cylinder"]}, {"type": "count", "inputs": [6], "_output": 3, "value_inputs": []}], [{"type": "scene", "inputs": [], "_output": [0, 1, 2, 3, 4, 5, 6], "value_inputs": []}, {"type": "scene", "inputs": [], "_output": [0, 1, 2, 3, 4, 5, 6], "value_inputs": []}, {"type": "filter_color", "inputs": [0], "_output": [2], "value_inputs": ["brown"]}, {"type": "filter_size", "inputs": [1], "_output": [1, 2, 3, 5], "value_inputs": ["small"]}, {"type": "filter_material", "inputs": [3], "_output": [1, 5], "value_inputs": ["rubber"]}, {"type": "union", "inputs": [2, 4], "_output": [1, 2, 5], "value_inputs": []}, {"type": "filter_shape", "inputs": [5], "_output": [], "value_inputs": ["cylinder"]}, {"type": "count", "inputs": [6], "_output": 0, "value_inputs": []}]]}, {"split": "train", "question": "How many spheres are either purple things or metal things?", "template_filename": "1_single_or", "template_index": 5, "question_index": 23, "image_filenames": ["CLEVR_train_002596.png", "CLEVR_train_004085.png", "CLEVR_train_004949.png", "CLEVR_train_001581.png", "CLEVR_train_003300.png"], "image_indices": [2596, 4085, 4949, 1581, 3300], "answers": [3, 1, 3, 2, 1], "program": [[{"type": "scene", "inputs": [], "_output": [0, 1, 2, 3, 4, 5, 6, 7], "value_inputs": []}, {"type": "scene", "inputs": [], "_output": [0, 1, 2, 3, 4, 5, 6, 7], "value_inputs": []}, {"type": "filter_color", "inputs": [0], "_output": [2], "value_inputs": ["purple"]}, {"type": "filter_material", "inputs": [1], "_output": [1, 2, 3, 4, 5, 6, 7], "value_inputs": ["metal"]}, {"type": "union", "inputs": [2, 3], "_output": [1, 2, 3, 4, 5, 6, 7], "value_inputs": []}, {"type": "filter_shape", "inputs": [4], "_output": [1, 4, 7], "value_inputs": ["sphere"]}, {"type": "count", "inputs": [5], "_output": 3, "value_inputs": []}], [{"type": "scene", "inputs": [], "_output": [0, 1, 2, 3], "value_inputs": []}, {"type": "scene", "inputs": [], "_output": [0, 1, 2, 3], "value_inputs": []}, {"type": "filter_color", "inputs": [0], "_output": [0, 3], "value_inputs": ["purple"]}, {"type": "filter_material", "inputs": [1], "_output": [0], "value_inputs": ["metal"]}, {"type": "union", "inputs": [2, 3], "_output": [0, 3], "value_inputs": []}, {"type": "filter_shape", "inputs": [4], "_output": [0], "value_inputs": ["sphere"]}, {"type": "count", "inputs": [5], "_output": 1, "value_inputs": []}], [{"type": "scene", "inputs": [], "_output": [0, 1, 2, 3, 4, 5], "value_inputs": []}, {"type": "scene", "inputs": [], "_output": [0, 1, 2, 3, 4, 5], "value_inputs": []}, {"type": "filter_color", "inputs": [0], "_output": [1, 5], "value_inputs": ["purple"]}, {"type": "filter_material", "inputs": [1], "_output": [0, 1, 3], "value_inputs": ["metal"]}, {"type": "union", "inputs": [2, 3], "_output": [0, 1, 3, 5], "value_inputs": []}, {"type": "filter_shape", "inputs": [4], "_output": [0, 1, 3], "value_inputs": ["sphere"]}, {"type": "count", "inputs": [5], "_output": 3, "value_inputs": []}], [{"type": "scene", "inputs": [], "_output": [0, 1, 2, 3], "value_inputs": []}, {"type": "scene", "inputs": [], "_output": [0, 1, 2, 3], "value_inputs": []}, {"type": "filter_color", "inputs": [0], "_output": [2], "value_inputs": ["purple"]}, {"type": "filter_material", "inputs": [1], "_output": [3], "value_inputs": ["metal"]}, {"type": "union", "inputs": [2, 3], "_output": [2, 3], "value_inputs": []}, {"type": "filter_shape", "inputs": [4], "_output": [2, 3], "value_inputs": ["sphere"]}, {"type": "count", "inputs": [5], "_output": 2, "value_inputs": []}], [{"type": "scene", "inputs": [], "_output": [0, 1, 2, 3, 4, 5, 6, 7, 8], "value_inputs": []}, {"type": "scene", "inputs": [], "_output": [0, 1, 2, 3, 4, 5, 6, 7, 8], "value_inputs": []}, {"type": "filter_color", "inputs": [0], "_output": [2, 5], "value_inputs": ["purple"]}, {"type": "filter_material", "inputs": [1], "_output": [0, 1, 2, 5, 8], "value_inputs": ["metal"]}, {"type": "union", "inputs": [2, 3], "_output": [0, 1, 2, 5, 8], "value_inputs": []}, {"type": "filter_shape", "inputs": [4], "_output": [0], "value_inputs": ["sphere"]}, {"type": "count", "inputs": [5], "_output": 1, "value_inputs": []}]]}, {"split": "train", "question": "What number of spheres are small cyan metal things or small rubber things?", "template_filename": "1_single_or", "template_index": 5, "question_index": 24, "image_filenames": ["CLEVR_train_004987.png", "CLEVR_train_000020.png", "CLEVR_train_002592.png", "CLEVR_train_003866.png", "CLEVR_train_002550.png"], "image_indices": [4987, 20, 2592, 3866, 2550], "answers": [1, 1, 5, 1, 1], "program": [[{"type": "scene", "inputs": [], "_output": [0, 1, 2, 3, 4, 5, 6], "value_inputs": []}, {"type": "scene", "inputs": [], "_output": [0, 1, 2, 3, 4, 5, 6], "value_inputs": []}, {"type": "filter_size", "inputs": [0], "_output": [0, 2, 3, 4, 6], "value_inputs": ["small"]}, {"type": "filter_color", "inputs": [2], "_output": [6], "value_inputs": ["cyan"]}, {"type": "filter_material", "inputs": [3], "_output": [6], "value_inputs": ["metal"]}, {"type": "filter_size", "inputs": [1], "_output": [0, 2, 3, 4, 6], "value_inputs": ["small"]}, {"type": "filter_material", "inputs": [5], "_output": [0, 3, 4], "value_inputs": ["rubber"]}, {"type": "union", "inputs": [4, 6], "_output": [0, 3, 4, 6], "value_inputs": []}, {"type": "filter_shape", "inputs": [7], "_output": [6], "value_inputs": ["sphere"]}, {"type": "count", "inputs": [8], "_output": 1, "value_inputs": []}], [{"type": "scene", "inputs": [], "_output": [0, 1, 2, 3, 4, 5, 6, 7], "value_inputs": []}, {"type": "scene", "inputs": [], "_output": [0, 1, 2, 3, 4, 5, 6, 7], "value_inputs": []}, {"type": "filter_size", "inputs": [0], "_output": [0, 1, 2, 4, 6, 7], "value_inputs": ["small"]}, {"type": "filter_color", "inputs": [2], "_output": [6], "value_inputs": ["cyan"]}, {"type": "filter_material", "inputs": [3], "_output": [6], "value_inputs": ["metal"]}, {"type": "filter_size", "inputs": [1], "_output": [0, 1, 2, 4, 6, 7], "value_inputs": ["small"]}, {"type": "filter_material", "inputs": [5], "_output": [1, 4], "value_inputs": ["rubber"]}, {"type": "union", "inputs": [4, 6], "_output": [1, 4, 6], "value_inputs": []}, {"type": "filter_shape", "inputs": [7], "_output": [1], "value_inputs": ["sphere"]}, {"type": "count", "inputs": [8], "_output": 1, "value_inputs": []}], [{"type": "scene", "inputs": [], "_output": [0, 1, 2, 3, 4, 5, 6, 7, 8, 9], "value_inputs": []}, {"type": "scene", "inputs": [], "_output": [0, 1, 2, 3, 4, 5, 6, 7, 8, 9], "value_inputs": []}, {"type": "filter_size", "inputs": [0], "_output": [0, 1, 2, 3, 4, 6, 7, 9], "value_inputs": ["small"]}, {"type": "filter_color", "inputs": [2], "_output": [6], "value_inputs": ["cyan"]}, {"type": "filter_material", "inputs": [3], "_output": [6], "value_inputs": ["metal"]}, {"type": "filter_size", "inputs": [1], "_output": [0, 1, 2, 3, 4, 6, 7, 9], "value_inputs": ["small"]}, {"type": "filter_material", "inputs": [5], "_output": [1, 2, 3, 7, 9], "value_inputs": ["rubber"]}, {"type": "union", "inputs": [4, 6], "_output": [1, 2, 3, 6, 7, 9], "value_inputs": []}, {"type": "filter_shape", "inputs": [7], "_output": [2, 3, 6, 7, 9], "value_inputs": ["sphere"]}, {"type": "count", "inputs": [8], "_output": 5, "value_inputs": []}], [{"type": "scene", "inputs": [], "_output": [0, 1, 2, 3, 4, 5, 6], "value_inputs": []}, {"type": "scene", "inputs": [], "_output": [0, 1, 2, 3, 4, 5, 6], "value_inputs": []}, {"type": "filter_size", "inputs": [0], "_output": [0, 1, 2, 3, 6], "value_inputs": ["small"]}, {"type": "filter_color", "inputs": [2], "_output": [0, 1, 2], "value_inputs": ["cyan"]}, {"type": "filter_material", "inputs": [3], "_output": [0, 2], "value_inputs": ["metal"]}, {"type": "filter_size", "inputs": [1], "_output": [0, 1, 2, 3, 6], "value_inputs": ["small"]}, {"type": "filter_material", "inputs": [5], "_output": [1, 3, 6], "value_inputs": ["rubber"]}, {"type": "union", "inputs": [4, 6], "_output": [0, 1, 2, 3, 6], "value_inputs": []}, {"type": "filter_shape", "inputs": [7], "_output": [6], "value_inputs": ["sphere"]}, {"type": "count", "inputs": [8], "_output": 1, "value_inputs": []}], [{"type": "scene", "inputs": [], "_output": [0, 1, 2, 3, 4, 5, 6, 7, 8], "value_inputs": []}, {"type": "scene", "inputs": [], "_output": [0, 1, 2, 3, 4, 5, 6, 7, 8], "value_inputs": []}, {"type": "filter_size", "inputs": [0], "_output": [1, 4, 7, 8], "value_inputs": ["small"]}, {"type": "filter_color", "inputs": [2], "_output": [8], "value_inputs": ["cyan"]}, {"type": "filter_material", "inputs": [3], "_output": [8], "value_inputs": ["metal"]}, {"type": "filter_size", "inputs": [1], "_output": [1, 4, 7, 8], "value_inputs": ["small"]}, {"type": "filter_material", "inputs": [5], "_output": [7], "value_inputs": ["rubber"]}, {"type": "union", "inputs": [4, 6], "_output": [7, 8], "value_inputs": []}, {"type": "filter_shape", "inputs": [7], "_output": [8], "value_inputs": ["sphere"]}, {"type": "count", "inputs": [8], "_output": 1, "value_inputs": []}]]}]}