{
  "dataset": "CLEVR-extended-v1.0",
  "types": {
    "Object": null,
    "ObjectSet": null,
    "Integer": null,
    "Bool": null,
    "Shape": [
      "cube", "sphere", "cylinder"
    ],
    "Color": [
      "gray", "red", "blue", "green", "brown", "purple", "cyan", "yellow"
    ],
    "Relation": [
      "left", "right", "behind", "front"
    ],
    "Size": [
      "small", "large"
    ],
    "Material": [
      "rubber", "metal"
    ]
  },
  "functions": [
    {
      "name": "scene",
      "inputs": [],
      "output": "ObjectSet",
      "terminal": false
    },
    {
      "name": "remove",
      "inputs": ["ObjectSet", "ObjectSet"],
      "output": "ObjectSet",
      "terminal": false
    },
    {
      "name": "transform",
      "inputs": ["ObjectSet", "ObjectSet"],
      "side_inputs": ["Size", "Color", "Material", "Shape"],
      "output": "ObjectSet",
      "terminal": false,
      "template_only": true
    },
    {
      "name": "transform_color",
      "inputs": ["ObjectSet", "ObjectSet"],
      "side_inputs": ["Color"],
      "output": "ObjectSet"
    },
    {
      "name": "transform_shape",
      "inputs": ["ObjectSet", "ObjectSet"],
      "side_inputs": ["Shape"],
      "output": "ObjectSet"
    },
    {
      "name": "transform_size",
      "inputs": ["ObjectSet", "ObjectSet"],
      "side_inputs": ["Size"],
      "output": "ObjectSet"
    },
    {
      "name": "transform_material",
      "inputs": ["ObjectSet", "ObjectSet"],
      "side_inputs": ["material"],
      "output": "ObjectSet"
    },
    {
      "name": "filter_color",
      "inputs": ["ObjectSet"],
      "side_inputs": ["Color"],
      "output": "ObjectSet",
      "terminal": false
    },
    {
      "name": "filter_shape",
      "inputs": ["ObjectSet"],
      "side_inputs": ["Shape"],
      "output": "ObjectSet",
      "terminal": false
    },
    {
      "name": "filter_size",
      "inputs": ["ObjectSet"],
      "side_inputs": ["Size"],
      "output": "ObjectSet",
      "terminal": false
    },
    {
      "name": "filter_material",
      "inputs": ["ObjectSet"],
      "side_inputs": ["Material"],
      "output": "ObjectSet",
      "terminal": false
    },
    {
      "name": "unique",
      "inputs": ["ObjectSet"],
      "output": "Object",
      "terminal": false,
      "properties": []
    },
    {
      "name": "relate",
      "inputs": ["Object"],
      "side_inputs": ["Relation"],
      "output": "ObjectSet",
      "terminal": false
    },
    {
      "name": "union",
      "inputs": ["ObjectSet", "ObjectSet"],
      "output": "ObjectSet",
      "terminal": false
    },
    {
      "name": "intersect",
      "inputs": ["ObjectSet", "ObjectSet"],
      "output": "ObjectSet",
      "terminal": false
    },
    {
      "name": "count",
      "inputs": ["ObjectSet"],
      "output": "Integer",
      "terminal": true
    },
    {
      "name": "query_shape",
      "inputs": ["Object"],
      "output": "Shape",
      "terminal": true
    },
    {
      "name": "query_color",
      "inputs": ["Object"],
      "output": "Color",
      "terminal": true
    },
    {
      "name": "query_size",
      "inputs": ["Object"],
      "output": "Size",
      "terminal": true
    },
    {
      "name": "query_material",
      "inputs": ["Object"],
      "output": "Material",
      "terminal": true
    },
    {
      "name": "exist",
      "inputs": ["ObjectSet"],
      "output": "Bool",
      "terminal": true
    },
    {
      "name": "equal_color",
      "inputs": ["Color", "Color"],
      "output": "Bool",
      "terminal": true
    },
    {
      "name": "equal_shape",
      "inputs": ["Shape", "Shape"],
      "output": "Bool",
      "terminal": true
    },
    {
      "name": "equal_integer",
      "inputs": ["Integer", "Integer"],
      "output": "Bool",
      "terminal": true
    },
    {
      "name": "less_than",
      "inputs": ["Integer", "Integer"],
      "output": "Bool",
      "terminal": true
    },
    {
      "name": "greater_than",
      "inputs": ["Integer", "Integer"],
      "output": "Bool",
      "terminal": true
    },
    {
      "name": "equal_size",
      "inputs": ["Size", "Size"],
      "output": "Bool",
      "terminal": true
    },
    {
      "name": "equal_material",
      "inputs": ["Material", "Material"],
      "output": "Bool",
      "terminal": true
    },
    {
      "name": "equal_object",
      "inputs": ["Object", "Object"],
      "output": "Bool",
      "terminal": true
    },
    {
      "name": "same_size",
      "inputs": ["Object"],
      "output": "ObjectSet",
      "terminal": false
    },
    {
      "name": "same_color",
      "inputs": ["Object"],
      "output": "ObjectSet",
      "terminal": false
    },
    {
      "name": "same_material",
      "inputs": ["Object"],
      "output": "ObjectSet",
      "terminal": false
    },
    {
      "name": "same_shape",
      "inputs": ["Object"],
      "output": "ObjectSet",
      "terminal": false
    },
    {
      "name": "filter",
      "inputs": ["ObjectSet"],
      "side_inputs": ["Size", "Color", "Material", "Shape"],
      "output": "ObjectSet",
      "terminal": false,
      "template_only": true
    },
    {
      "name": "filter_unique",
      "inputs": ["ObjectSet"],
      "side_inputs": ["Size", "Color", "Material", "Shape"],
      "output": "Object",
      "terminal": false,
      "template_only": true
    },
    {
      "name": "filter_count",
      "inputs": ["ObjectSet"],
      "side_inputs": ["Size", "Color", "Material", "Shape"],
      "output": "Integer",
      "terminal": true,
      "template_only": true
    },
    {
      "name": "filter_exist",
      "inputs": ["ObjectSet"],
      "side_inputs": ["Size", "Color", "Material", "Shape"],
      "output": "Bool",
      "terminal": true,
      "template_only": true
    },
    {
      "name": "relate_filter",
      "inputs": ["Object"],
      "side_inputs": ["Relation", "Size", "Color", "Material", "Shape"],
      "output": "ObjectSet",
      "terminal": false,
      "template_only": true
    },
    {
      "name": "relate_filter_unique",
      "inputs": ["Object"],
      "side_inputs": ["Relation", "Size", "Color", "Material", "Shape"],
      "output": "Object",
      "terminal": false,
      "template_only": true
    },
    {
      "name": "relate_filter_count",
      "inputs": ["Object"],
      "side_inputs": ["Relation", "Size", "Color", "Material", "Shape"],
      "output": "Integer",
      "terminal": false,
      "template_only": true
    },
    {
      "name": "relate_filter_exist",
      "inputs": ["Object"],
      "side_inputs": ["Relation", "Size", "Color", "Material", "Shape"],
      "output": "Bool",
      "terminal": false,
      "template_only": true
    }
  ]
}
